var1,var2,spearman
dollar_top3_avg_12m,dollar_avg_12m,1
dollar_top6_avg_12m,dollar_avg_12m,1
products_top3_avg_12m,products_avg_12m,1
products_top6_avg_12m,products_avg_12m,1
dollar_top6_avg_12m,dollar_top3_avg_12m,1
products_top6_avg_12m,products_top3_avg_12m,1
products_avg12_top3_ratio,dollar_avg12_top3_ratio,1
products_avg12_top6_ratio,dollar_avg12_top6_ratio,1
products_top3_avg_12m,products_std_12m,0.9995
products_std_12m,products_avg_12m,0.9994
products_top6_avg_12m,products_std_12m,0.9994
dollar_top1_12m,dollar_std_12m,0.9992
products_avg12_top1_ratio,months_with_purchase_12m,0.9989
products_spring_avg_12m,dollar_spring_avg_12m,0.9981
products_winter_avg_12m,dollar_winter_avg_12m,0.9979
dollar_top3_avg_12m,dollar_std_12m,0.9977
dollar_std_12m,dollar_avg_12m,0.9976
dollar_top6_avg_12m,dollar_std_12m,0.9976
products_autumn_avg_12m,dollar_autumn_avg_12m,0.9973
dollar_avg12_top6_ratio,dollar_avg12_top3_ratio,0.9956
products_avg12_top6_ratio,dollar_avg12_top3_ratio,0.9956
products_avg12_top3_ratio,dollar_avg12_top6_ratio,0.9956
products_avg12_top6_ratio,products_avg12_top3_ratio,0.9956
dollar_top3_avg_12m,dollar_top1_12m,0.9947
dollar_top1_12m,dollar_avg_12m,0.9946
dollar_top6_avg_12m,dollar_top1_12m,0.9946
products_summer_avg_12m,dollar_summer_avg_12m,0.9938
products_avg12_top1_ratio,products_avg_12m,0.9893
products_avg12_top1_ratio,products_top6_avg_12m,0.9893
products_avg12_top1_ratio,products_top3_avg_12m,0.9892
months_with_purchase_12m,products_avg_12m,0.9882
months_with_purchase_12m,products_top6_avg_12m,0.9882
months_with_purchase_12m,products_top3_avg_12m,0.9881
products_top1_12m,products_std_12m,0.9865
products_avg12_top1_ratio,products_std_12m,0.9847
months_with_purchase_12m,products_std_12m,0.9837
products_top3_avg_12m,products_top1_12m,0.9828
products_top1_12m,products_avg_12m,0.9826
products_top6_avg_12m,products_top1_12m,0.9826
dollar_avg12_top1_ratio,months_with_purchase_12m,0.9795
products_avg12_top1_ratio,dollar_avg12_top1_ratio,0.9788
dollar_avg12_top6_ratio,products_top1_12m,0.977
products_avg12_top6_ratio,products_top1_12m,0.977
dollar_avg12_top3_ratio,months_with_purchase_12m,0.9761
products_avg12_top3_ratio,months_with_purchase_12m,0.9761
dollar_avg12_top3_ratio,products_top1_12m,0.9758
products_avg12_top3_ratio,products_top1_12m,0.9758
products_avg12_top1_ratio,dollar_avg12_top3_ratio,0.975
products_avg12_top3_ratio,products_avg12_top1_ratio,0.975
dollar_avg12_top6_ratio,months_with_purchase_12m,0.9718
products_avg12_top6_ratio,months_with_purchase_12m,0.9718
products_avg12_top1_ratio,dollar_avg12_top6_ratio,0.9709
products_avg12_top6_ratio,products_avg12_top1_ratio,0.9709
dollar_avg12_top1_ratio,products_avg_12m,0.9682
dollar_avg12_top1_ratio,products_top6_avg_12m,0.9682
dollar_avg12_top1_ratio,products_top3_avg_12m,0.9681
dollar_avg12_top3_ratio,products_avg_12m,0.9679
products_avg12_top3_ratio,products_avg_12m,0.9679
dollar_avg12_top3_ratio,products_top6_avg_12m,0.9679
products_avg12_top3_ratio,products_top6_avg_12m,0.9679
dollar_avg12_top3_ratio,products_top3_avg_12m,0.9675
products_avg12_top3_ratio,products_top3_avg_12m,0.9675
dollar_avg12_top3_ratio,products_std_12m,0.9666
products_avg12_top3_ratio,products_std_12m,0.9666
products_avg_12m,dollar_avg_12m,0.9655
products_top3_avg_12m,dollar_avg_12m,0.9655
products_top6_avg_12m,dollar_avg_12m,0.9655
dollar_top3_avg_12m,products_avg_12m,0.9655
dollar_top6_avg_12m,products_avg_12m,0.9655
products_top6_avg_12m,dollar_top3_avg_12m,0.9655
products_top3_avg_12m,dollar_top6_avg_12m,0.9655
products_top6_avg_12m,dollar_top6_avg_12m,0.9655
products_top3_avg_12m,dollar_top3_avg_12m,0.9654
products_std_12m,dollar_avg_12m,0.9652
dollar_top3_avg_12m,products_std_12m,0.9652
dollar_top6_avg_12m,products_std_12m,0.9652
months_with_purchase_12m,products_top1_12m,0.9642
dollar_avg12_top6_ratio,products_avg_12m,0.964
products_avg12_top6_ratio,products_avg_12m,0.964
dollar_avg12_top6_ratio,products_top3_avg_12m,0.964
products_avg12_top6_ratio,products_top3_avg_12m,0.964
dollar_avg12_top6_ratio,products_top6_avg_12m,0.964
products_avg12_top6_ratio,products_top6_avg_12m,0.964
dollar_avg12_top1_ratio,products_std_12m,0.9639
dollar_avg12_top6_ratio,products_std_12m,0.9638
products_avg12_top6_ratio,products_std_12m,0.9638
products_avg12_top1_ratio,products_top1_12m,0.9637
products_avg12_top1_ratio,dollar_avg_12m,0.9572
products_avg12_top1_ratio,dollar_top6_avg_12m,0.9572
products_avg12_top1_ratio,dollar_top3_avg_12m,0.957
products_top1_12m,dollar_avg_12m,0.9568
months_with_purchase_12m,dollar_avg_12m,0.9568
products_top1_12m,dollar_top3_avg_12m,0.9568
products_top1_12m,dollar_top6_avg_12m,0.9568
months_with_purchase_12m,dollar_top6_avg_12m,0.9568
months_with_purchase_12m,dollar_top3_avg_12m,0.9566
products_std_12m,dollar_std_12m,0.956
dollar_avg12_top3_ratio,dollar_avg12_top1_ratio,0.9559
products_avg12_top3_ratio,dollar_avg12_top1_ratio,0.9559
products_top1_12m,dollar_std_12m,0.9557
dollar_std_12m,products_avg_12m,0.955
products_top3_avg_12m,dollar_std_12m,0.955
products_top6_avg_12m,dollar_std_12m,0.955
products_top1_12m,dollar_top1_12m,0.9545
dollar_avg12_top6_ratio,dollar_avg12_top1_ratio,0.952
products_avg12_top6_ratio,dollar_avg12_top1_ratio,0.952
dollar_top1_12m,products_std_12m,0.9507
dollar_top1_12m,products_avg_12m,0.9491
products_top3_avg_12m,dollar_top1_12m,0.9491
products_top6_avg_12m,dollar_top1_12m,0.9491
dollar_avg12_top3_ratio,dollar_avg_12m,0.9475
products_avg12_top3_ratio,dollar_avg_12m,0.9475
dollar_avg12_top3_ratio,dollar_top6_avg_12m,0.9475
products_avg12_top3_ratio,dollar_top6_avg_12m,0.9475
dollar_avg12_top3_ratio,dollar_top3_avg_12m,0.9473
products_avg12_top3_ratio,dollar_top3_avg_12m,0.9473
dollar_avg12_top3_ratio,dollar_std_12m,0.9457
products_avg12_top3_ratio,dollar_std_12m,0.9457
dollar_avg12_top3_ratio,dollar_top1_12m,0.9444
products_avg12_top3_ratio,dollar_top1_12m,0.9444
dollar_avg12_top1_ratio,products_top1_12m,0.9444
products_avg12_top1_ratio,dollar_std_12m,0.9443
dollar_avg12_top6_ratio,dollar_avg_12m,0.9441
products_avg12_top6_ratio,dollar_avg_12m,0.9441
dollar_avg12_top6_ratio,dollar_std_12m,0.9441
products_avg12_top6_ratio,dollar_std_12m,0.9441
dollar_avg12_top6_ratio,dollar_top1_12m,0.9441
products_avg12_top6_ratio,dollar_top1_12m,0.9441
dollar_avg12_top6_ratio,dollar_top3_avg_12m,0.9441
products_avg12_top6_ratio,dollar_top3_avg_12m,0.9441
dollar_avg12_top6_ratio,dollar_top6_avg_12m,0.9441
products_avg12_top6_ratio,dollar_top6_avg_12m,0.9441
months_with_purchase_12m,dollar_std_12m,0.944
dollar_avg12_top1_ratio,dollar_avg_12m,0.9408
dollar_avg12_top1_ratio,dollar_top6_avg_12m,0.9408
dollar_avg12_top1_ratio,dollar_top3_avg_12m,0.9407
products_avg12_top1_ratio,dollar_top1_12m,0.9376
months_with_purchase_12m,dollar_top1_12m,0.9374
dollar_avg12_top1_ratio,dollar_std_12m,0.9276
dollar_avg12_top1_ratio,dollar_top1_12m,0.9206
dollar_avg12_top3_ratio,recency_days_2018_Adidas,-0.863
products_avg12_top3_ratio,recency_days_2018_Adidas,-0.863
dollar_avg12_top6_ratio,recency_days_2018_Adidas,-0.8615
products_avg12_top6_ratio,recency_days_2018_Adidas,-0.8615
months_with_purchase_12m,recency_days_2018_Adidas,-0.8578
products_avg12_top1_ratio,recency_days_2018_Adidas,-0.8554
dollar_avg12_top1_ratio,recency_days_2018_Adidas,-0.853
products_avg_12m,recency_days_2018_Adidas,-0.851
products_top6_avg_12m,recency_days_2018_Adidas,-0.851
products_top1_12m,recency_days_2018_Adidas,-0.8509
products_top3_avg_12m,recency_days_2018_Adidas,-0.8508
products_std_12m,recency_days_2018_Adidas,-0.8499
dollar_avg_12m,recency_days_2018_Adidas,-0.8276
dollar_top6_avg_12m,recency_days_2018_Adidas,-0.8276
dollar_top3_avg_12m,recency_days_2018_Adidas,-0.8275
dollar_std_12m,recency_days_2018_Adidas,-0.8225
dollar_top1_12m,recency_days_2018_Adidas,-0.8196
monetary_2018_Adidas,frequency_2018_Adidas,0.7462
products_summer_avg_12m,recency_days_2018_Adidas,-0.552
months_with_purchase_12m,products_summer_avg_12m,0.5505
dollar_avg12_top1_ratio,products_summer_avg_12m,0.549
dollar_summer_avg_12m,recency_days_2018_Adidas,-0.548
months_with_purchase_12m,dollar_summer_avg_12m,0.5466
dollar_avg12_top1_ratio,dollar_summer_avg_12m,0.5465
products_avg12_top1_ratio,products_summer_avg_12m,0.5461
products_avg12_top1_ratio,dollar_summer_avg_12m,0.5422
products_summer_avg_12m,products_avg_12m,0.537
products_summer_avg_12m,products_top3_avg_12m,0.537
products_summer_avg_12m,products_top6_avg_12m,0.537
products_summer_avg_12m,products_std_12m,0.5331
dollar_summer_avg_12m,products_avg_12m,0.5318
dollar_summer_avg_12m,products_top6_avg_12m,0.5318
dollar_summer_avg_12m,products_top3_avg_12m,0.5317
dollar_summer_avg_12m,dollar_avg_12m,0.5307
dollar_summer_avg_12m,dollar_top6_avg_12m,0.5307
dollar_summer_avg_12m,dollar_top3_avg_12m,0.5305
dollar_summer_avg_12m,products_std_12m,0.5274
dollar_summer_avg_12m,dollar_std_12m,0.525
dollar_avg12_top3_ratio,products_summer_avg_12m,0.5234
products_avg12_top3_ratio,products_summer_avg_12m,0.5234
products_summer_avg_12m,products_top1_12m,0.5229
dollar_summer_avg_12m,dollar_top1_12m,0.5225
dollar_avg12_top3_ratio,dollar_summer_avg_12m,0.5211
products_avg12_top3_ratio,dollar_summer_avg_12m,0.5211
products_summer_avg_12m,dollar_avg_12m,0.5196
products_summer_avg_12m,dollar_top6_avg_12m,0.5196
products_summer_avg_12m,dollar_top3_avg_12m,0.5194
dollar_avg12_top6_ratio,products_summer_avg_12m,0.5177
products_avg12_top6_ratio,products_summer_avg_12m,0.5177
dollar_summer_avg_12m,products_top1_12m,0.5167
dollar_avg12_top6_ratio,dollar_summer_avg_12m,0.5156
products_avg12_top6_ratio,dollar_summer_avg_12m,0.5156
products_autumn_avg_12m,products_avg_12m,0.5136
products_autumn_avg_12m,products_top6_avg_12m,0.5136
products_autumn_avg_12m,products_top3_avg_12m,0.5132
products_autumn_avg_12m,products_std_12m,0.5125
products_summer_avg_12m,dollar_std_12m,0.5119
dollar_autumn_avg_12m,products_avg_12m,0.5117
dollar_autumn_avg_12m,products_top6_avg_12m,0.5117
dollar_autumn_avg_12m,products_top3_avg_12m,0.5112
dollar_autumn_avg_12m,products_std_12m,0.5103
products_summer_avg_12m,dollar_top1_12m,0.5088
dollar_avg12_top1_ratio,products_autumn_avg_12m,0.5039
dollar_avg12_top1_ratio,dollar_autumn_avg_12m,0.5027
products_avg12_top1_ratio,products_autumn_avg_12m,0.4994
dollar_autumn_avg_12m,dollar_avg_12m,0.4982
dollar_autumn_avg_12m,dollar_top6_avg_12m,0.4982
dollar_autumn_avg_12m,dollar_top3_avg_12m,0.498
products_avg12_top1_ratio,dollar_autumn_avg_12m,0.498
months_with_purchase_12m,products_autumn_avg_12m,0.4953
months_with_purchase_12m,dollar_autumn_avg_12m,0.4939
products_autumn_avg_12m,products_top1_12m,0.4932
products_autumn_avg_12m,dollar_avg_12m,0.4925
products_autumn_avg_12m,dollar_top6_avg_12m,0.4925
products_autumn_avg_12m,dollar_top3_avg_12m,0.4923
dollar_autumn_avg_12m,products_top1_12m,0.4905
dollar_autumn_avg_12m,dollar_std_12m,0.4877
dollar_autumn_avg_12m,dollar_top1_12m,0.4818
products_autumn_avg_12m,dollar_std_12m,0.4815
products_autumn_avg_12m,recency_days_2018_Adidas,-0.4768
dollar_autumn_avg_12m,recency_days_2018_Adidas,-0.4755
products_autumn_avg_12m,dollar_top1_12m,0.4755
dollar_avg12_top3_ratio,products_autumn_avg_12m,0.462
products_avg12_top3_ratio,products_autumn_avg_12m,0.4619
dollar_avg12_top3_ratio,dollar_autumn_avg_12m,0.4614
products_avg12_top3_ratio,dollar_autumn_avg_12m,0.4614
months_with_purchase_12m,products_spring_avg_12m,0.4525
months_with_purchase_12m,dollar_spring_avg_12m,0.4503
products_avg12_top1_ratio,products_spring_avg_12m,0.4488
products_avg12_top1_ratio,dollar_spring_avg_12m,0.4467
products_spring_avg_12m,products_avg_12m,0.4464
products_spring_avg_12m,products_top6_avg_12m,0.4464
products_spring_avg_12m,products_top3_avg_12m,0.4456
dollar_avg12_top6_ratio,products_autumn_avg_12m,0.4444
products_avg12_top6_ratio,products_autumn_avg_12m,0.4444
dollar_spring_avg_12m,products_avg_12m,0.4441
dollar_spring_avg_12m,products_top6_avg_12m,0.4441
dollar_avg12_top6_ratio,dollar_autumn_avg_12m,0.4437
products_avg12_top6_ratio,dollar_autumn_avg_12m,0.4437
dollar_spring_avg_12m,products_top3_avg_12m,0.4432
products_spring_avg_12m,products_std_12m,0.4408
dollar_spring_avg_12m,products_std_12m,0.4385
dollar_spring_avg_12m,dollar_avg_12m,0.4351
dollar_spring_avg_12m,dollar_top6_avg_12m,0.4351
dollar_spring_avg_12m,dollar_top3_avg_12m,0.4343
dollar_avg12_top1_ratio,products_spring_avg_12m,0.4339
dollar_avg12_top1_ratio,dollar_spring_avg_12m,0.4322
products_spring_avg_12m,dollar_avg_12m,0.43120000000000003
products_spring_avg_12m,dollar_top6_avg_12m,0.43120000000000003
products_spring_avg_12m,dollar_top3_avg_12m,0.4304
products_avg12_top1_ratio,products_winter_avg_12m,0.4288
products_avg12_top1_ratio,dollar_winter_avg_12m,0.4284
months_with_purchase_12m,products_winter_avg_12m,0.4281
months_with_purchase_12m,dollar_winter_avg_12m,0.4277
dollar_avg12_top3_ratio,products_spring_avg_12m,0.4257
products_avg12_top3_ratio,products_spring_avg_12m,0.4256
dollar_avg12_top3_ratio,dollar_spring_avg_12m,0.4247
products_avg12_top3_ratio,dollar_spring_avg_12m,0.4246
dollar_spring_avg_12m,dollar_std_12m,0.4184
products_spring_avg_12m,products_top1_12m,0.4154
products_winter_avg_12m,products_avg_12m,0.4145
products_winter_avg_12m,products_top6_avg_12m,0.4145
products_winter_avg_12m,products_top3_avg_12m,0.4139
dollar_winter_avg_12m,products_avg_12m,0.4135
products_spring_avg_12m,dollar_std_12m,0.4135
dollar_winter_avg_12m,products_top6_avg_12m,0.4135
dollar_spring_avg_12m,products_top1_12m,0.4134
dollar_winter_avg_12m,products_top3_avg_12m,0.4129
dollar_spring_avg_12m,dollar_top1_12m,0.4098
products_winter_avg_12m,products_std_12m,0.4069
dollar_winter_avg_12m,products_std_12m,0.4058
products_spring_avg_12m,dollar_top1_12m,0.4045
dollar_avg12_top6_ratio,products_spring_avg_12m,0.4025
products_avg12_top6_ratio,products_spring_avg_12m,0.4025
dollar_avg12_top6_ratio,dollar_spring_avg_12m,0.402
products_avg12_top6_ratio,dollar_spring_avg_12m,0.402
dollar_winter_avg_12m,dollar_avg_12m,0.3992
dollar_winter_avg_12m,dollar_top6_avg_12m,0.3992
dollar_winter_avg_12m,dollar_top3_avg_12m,0.3988
dollar_avg12_top3_ratio,products_winter_avg_12m,0.3954
products_avg12_top3_ratio,products_winter_avg_12m,0.3954
products_avg12_top3_ratio,dollar_winter_avg_12m,0.3951
dollar_avg12_top3_ratio,dollar_winter_avg_12m,0.395
dollar_avg12_top1_ratio,products_winter_avg_12m,0.3934
dollar_avg12_top1_ratio,dollar_winter_avg_12m,0.393
products_winter_avg_12m,dollar_avg_12m,0.3929
products_winter_avg_12m,dollar_top6_avg_12m,0.3929
products_winter_avg_12m,dollar_top3_avg_12m,0.3925
dollar_avg12_top6_ratio,products_winter_avg_12m,0.388
products_avg12_top6_ratio,products_winter_avg_12m,0.388
dollar_avg12_top6_ratio,dollar_winter_avg_12m,0.3875
products_avg12_top6_ratio,dollar_winter_avg_12m,0.3875
dollar_winter_avg_12m,dollar_std_12m,0.3859
products_winter_avg_12m,dollar_std_12m,0.3787
dollar_winter_avg_12m,dollar_top1_12m,0.378
products_winter_avg_12m,dollar_top1_12m,0.3705
products_winter_avg_12m,products_top1_12m,0.3658
dollar_winter_avg_12m,products_top1_12m,0.3644
dollar_avg_12m,monetary_2018_Adidas,0.3354
dollar_top6_avg_12m,monetary_2018_Adidas,0.3354
dollar_top3_avg_12m,monetary_2018_Adidas,0.3353
dollar_std_12m,monetary_2018_Adidas,0.3292
products_avg_12m,frequency_2018_Adidas,0.3282
products_top6_avg_12m,frequency_2018_Adidas,0.3282
products_top3_avg_12m,frequency_2018_Adidas,0.328
products_spring_avg_12m,recency_days_2018_Adidas,-0.3272
dollar_spring_avg_12m,recency_days_2018_Adidas,-0.3265
products_std_12m,frequency_2018_Adidas,0.3262
dollar_top1_12m,monetary_2018_Adidas,0.3234
dollar_avg_12m,frequency_2018_Adidas,0.3084
dollar_top6_avg_12m,frequency_2018_Adidas,0.3084
dollar_top3_avg_12m,frequency_2018_Adidas,0.3082
products_avg12_top1_ratio,frequency_2018_Adidas,0.3043
dollar_avg12_top1_ratio,frequency_2018_Adidas,0.3015
months_with_purchase_12m,frequency_2018_Adidas,0.3011
dollar_std_12m,frequency_2018_Adidas,0.2895
frequency_2018_Adidas,recency_days_2018_Adidas,-0.2814
dollar_top1_12m,frequency_2018_Adidas,0.2793
products_top1_12m,frequency_2018_Adidas,0.2779
dollar_autumn_avg_12m,frequency_2018_Adidas,0.2728
products_autumn_avg_12m,frequency_2018_Adidas,0.2722
products_avg_12m,monetary_2018_Adidas,0.2612
products_top6_avg_12m,monetary_2018_Adidas,0.2612
products_top3_avg_12m,monetary_2018_Adidas,0.261
products_std_12m,monetary_2018_Adidas,0.2603
products_spring_avg_12m,frequency_2018_Adidas,0.2515
dollar_spring_avg_12m,frequency_2018_Adidas,0.2443
dollar_avg12_top1_ratio,monetary_2018_Adidas,0.2434
products_avg12_top1_ratio,monetary_2018_Adidas,0.2386
months_with_purchase_12m,monetary_2018_Adidas,0.2369
dollar_avg12_top3_ratio,frequency_2018_Adidas,0.2315
products_avg12_top3_ratio,frequency_2018_Adidas,0.2315
dollar_spring_avg_12m,monetary_2018_Adidas,0.2274
dollar_winter_avg_12m,recency_days_2018_Adidas,-0.2269
products_winter_avg_12m,recency_days_2018_Adidas,-0.2268
products_spring_avg_12m,monetary_2018_Adidas,0.2255
products_top1_12m,monetary_2018_Adidas,0.2244
dollar_autumn_avg_12m,monetary_2018_Adidas,0.219
dollar_avg12_top6_ratio,frequency_2018_Adidas,0.2165
products_avg12_top6_ratio,frequency_2018_Adidas,0.2165
products_autumn_avg_12m,monetary_2018_Adidas,0.2083
monetary_2018_Adidas,recency_days_2018_Adidas,-0.2038
dollar_avg12_top3_ratio,monetary_2018_Adidas,0.1868
products_avg12_top3_ratio,monetary_2018_Adidas,0.1868
dollar_avg12_top6_ratio,monetary_2018_Adidas,0.1741
products_avg12_top6_ratio,monetary_2018_Adidas,0.1741
products_summer_avg_12m,frequency_2018_Adidas,0.1323
dollar_summer_avg_12m,frequency_2018_Adidas,0.1314
dollar_winter_avg_12m,frequency_2018_Adidas,0.1273
products_winter_avg_12m,frequency_2018_Adidas,0.1268
dollar_summer_avg_12m,monetary_2018_Adidas,0.1164
dollar_winter_avg_12m,monetary_2018_Adidas,0.10780000000000001
products_winter_avg_12m,monetary_2018_Adidas,0.0975
products_summer_avg_12m,monetary_2018_Adidas,0.0935
products_spring_avg_12m,dollar_autumn_avg_12m,0.0768
dollar_autumn_avg_12m,dollar_spring_avg_12m,0.0748
products_autumn_avg_12m,products_spring_avg_12m,0.0746
products_autumn_avg_12m,dollar_spring_avg_12m,0.0726
products_winter_avg_12m,products_summer_avg_12m,-0.0432
products_summer_avg_12m,dollar_winter_avg_12m,-0.0421
products_winter_avg_12m,dollar_summer_avg_12m,-0.0411
dollar_winter_avg_12m,dollar_summer_avg_12m,-0.0393
products_summer_avg_12m,products_spring_avg_12m,0.0388
products_summer_avg_12m,dollar_spring_avg_12m,0.0345
products_spring_avg_12m,dollar_summer_avg_12m,0.0325
dollar_summer_avg_12m,dollar_spring_avg_12m,0.0282
products_autumn_avg_12m,products_summer_avg_12m,0.0262
products_spring_avg_12m,dollar_winter_avg_12m,0.0258
products_autumn_avg_12m,dollar_summer_avg_12m,0.0252
dollar_winter_avg_12m,dollar_spring_avg_12m,0.0249
products_winter_avg_12m,products_spring_avg_12m,0.0245
products_winter_avg_12m,dollar_spring_avg_12m,0.0234
dollar_winter_avg_12m,dollar_autumn_avg_12m,0.0224
products_summer_avg_12m,dollar_autumn_avg_12m,0.0205
products_winter_avg_12m,dollar_autumn_avg_12m,0.0201
dollar_autumn_avg_12m,dollar_summer_avg_12m,0.0196
products_autumn_avg_12m,dollar_winter_avg_12m,0.0151
products_winter_avg_12m,products_autumn_avg_12m,0.0127
