response_id,recency_days_2018_Adidas,frequency_2018_Adidas,monetary_2018_Adidas,dollar_avg_12m,products_avg_12m,dollar_std_12m,products_std_12m,dollar_top1_12m,dollar_top3_avg_12m,dollar_top6_avg_12m,products_top1_12m,products_top3_avg_12m,products_top6_avg_12m,dollar_spring_avg_12m,dollar_summer_avg_12m,dollar_autumn_avg_12m,dollar_winter_avg_12m,products_spring_avg_12m,products_summer_avg_12m,products_autumn_avg_12m,products_winter_avg_12m,months_with_purchase_12m,dollar_avg12_top1_ratio,dollar_avg12_top3_ratio,dollar_avg12_top6_ratio,products_avg12_top1_ratio,products_avg12_top3_ratio,products_avg12_top6_ratio
R_XOnvBxkG4fwLWVz,131,2,137.5,6.2925,0.08333333333333333,21.797859413254322,0.28867513459481287,75.51,25.17,12.585,1,0.3333333333333333,0.16666666666666666,0,25.17,0,0,0,0.3333333333333333,0,0,1,0.08333333333333333,0.25,0.5,0.08333333333333333,0.25,0.5
R_24HjnyxNZEm32Xb,787,1,25.99,0,0,0,0,0,0,0,0,0,0,0,0,0,0,0,0,0,0,0,0,0,0,0,0,0
R_tE5w1f3a4CUcQyl,681,2,44.959999999999994,0,0,0,0,0,0,0,0,0,0,0,0,0,0,0,0,0,0,0,0,0,0,0,0,0
R_25Wwg273Uw26jA1,499,4,75.55,0,0,0,0,0,0,0,0,0,0,0,0,0,0,0,0,0,0,0,0,0,0,0,0,0
R_3iUbXeyRSJrM5mX,333,1,18.29,1.5241666666666667,0.08333333333333333,5.279868211739127,0.28867513459481287,18.29,6.096666666666667,3.0483333333333333,1,0.3333333333333333,0.16666666666666666,0,0,0,6.096666666666667,0,0,0,0.3333333333333333,1,0.08333333333333334,0.25,0.5,0.08333333333333333,0.25,0.5
R_3qWelyoPjmQzdkZ,23,1,20,1.6666666666666667,0.08333333333333333,5.773502691896258,0.28867513459481287,20,6.666666666666667,3.3333333333333335,1,0.3333333333333333,0.16666666666666666,0,0,6.666666666666667,0,0,0,0.3333333333333333,0,1,0.08333333333333334,0.25,0.5,0.08333333333333333,0.25,0.5
R_10GfwNctrOL9e2t,520,1,15.33,0,0,0,0,0,0,0,0,0,0,0,0,0,0,0,0,0,0,0,0,0,0,0,0,0
R_22FDJUEGrcHh4VD,808,1,9.55,0,0,0,0,0,0,0,0,0,0,0,0,0,0,0,0,0,0,0,0,0,0,0,0,0
R_1HoDTPQVCFl0O3q,62,1,29.98,2.4983333333333335,0.08333333333333333,8.65448053515249,0.28867513459481287,29.98,9.993333333333334,4.996666666666667,1,0.3333333333333333,0.16666666666666666,0,9.993333333333334,0,0,0,0.3333333333333333,0,0,1,0.08333333333333334,0.25,0.5,0.08333333333333333,0.25,0.5
R_1Owwa72zuqchWxY,233,1,22.15,1.8458333333333332,0.08333333333333333,6.394154231275105,0.28867513459481287,22.15,7.383333333333333,3.6916666666666664,1,0.3333333333333333,0.16666666666666666,7.383333333333333,0,0,0,0.3333333333333333,0,0,0,1,0.08333333333333333,0.25,0.5,0.08333333333333333,0.25,0.5
R_23enipHqTsjcQfN,8,8,136.98,7.982500000000001,0.4166666666666667,15.134810041754738,0.7929614610987591,43.120000000000005,31.930000000000003,15.965000000000002,2,1.6666666666666667,0.8333333333333334,14.373333333333335,7.326666666666667,10.23,0,0.6666666666666666,0.6666666666666666,0.3333333333333333,0,3,0.18512291280148424,0.25,0.5,0.20833333333333334,0.25,0.5
R_AiiIRKnFGGwta25,16,1,7.5,0.625,0.08333333333333333,2.165063509461097,0.28867513459481287,7.5,2.5,1.25,1,0.3333333333333333,0.16666666666666666,0,0,2.5,0,0,0,0.3333333333333333,0,1,0.08333333333333333,0.25,0.5,0.08333333333333333,0.25,0.5
R_3NCfhSJSgGWexUL,102,1,54.18,4.515,0.08333333333333333,15.640418792346962,0.28867513459481287,54.18,18.06,9.03,1,0.3333333333333333,0.16666666666666666,0,18.06,0,0,0,0.3333333333333333,0,0,1,0.08333333333333333,0.25,0.5,0.08333333333333333,0.25,0.5
R_1DXTNttXJvyt2M8,1274,1,18,0,0,0,0,0,0,0,0,0,0,0,0,0,0,0,0,0,0,0,0,0,0,0,0,0
R_2PcESd79zlVjd8V,496,3,91.01,0,0,0,0,0,0,0,0,0,0,0,0,0,0,0,0,0,0,0,0,0,0,0,0,0
R_3L8dgu12mdk2UVH,1053,1,49.99,0,0,0,0,0,0,0,0,0,0,0,0,0,0,0,0,0,0,0,0,0,0,0,0,0
R_3s1z86Z2eQUYz2Q,42,1,24.99,2.0825,0.08333333333333333,7.213991613524374,0.28867513459481287,24.99,8.33,4.165,1,0.3333333333333333,0.16666666666666666,0,0,8.33,0,0,0,0.3333333333333333,0,1,0.08333333333333334,0.25,0.5,0.08333333333333333,0.25,0.5
R_27KiIdiOjALLpvp,69,1,13.5,1.125,0.08333333333333333,3.897114317029974,0.28867513459481287,13.5,4.5,2.25,1,0.3333333333333333,0.16666666666666666,0,4.5,0,0,0,0.3333333333333333,0,0,1,0.08333333333333333,0.25,0.5,0.08333333333333333,0.25,0.5
R_3rSVzZdjthhnCx0,318,1,24.99,2.0825,0.08333333333333333,7.213991613524374,0.28867513459481287,24.99,8.33,4.165,1,0.3333333333333333,0.16666666666666666,0,0,0,8.33,0,0,0,0.3333333333333333,1,0.08333333333333334,0.25,0.5,0.08333333333333333,0.25,0.5
R_vTTLEW7G1tGREu5,1342,1,39.99,0,0,0,0,0,0,0,0,0,0,0,0,0,0,0,0,0,0,0,0,0,0,0,0,0
R_XwiCirQyfwJzVtv,273,1,59.99,4.9991666666666665,0.08333333333333333,17.317621324342824,0.28867513459481287,59.99,19.996666666666666,9.998333333333333,1,0.3333333333333333,0.16666666666666666,0,0,0,19.996666666666666,0,0,0,0.3333333333333333,1,0.08333333333333333,0.25,0.5,0.08333333333333333,0.25,0.5
R_2U9mEuhxpSv5aA7,284,1,22,1.8333333333333333,0.08333333333333333,6.3508529610858835,0.28867513459481287,22,7.333333333333333,3.6666666666666665,1,0.3333333333333333,0.16666666666666666,0,0,0,7.333333333333333,0,0,0,0.3333333333333333,1,0.08333333333333333,0.25,0.5,0.08333333333333333,0.25,0.5
R_V43VJZ8PVo1w0ff,954,2,9.7,0,0,0,0,0,0,0,0,0,0,0,0,0,0,0,0,0,0,0,0,0,0,0,0,0
R_2D1zydYR5SZ0LpK,1162,1,47.99,0,0,0,0,0,0,0,0,0,0,0,0,0,0,0,0,0,0,0,0,0,0,0,0,0
R_2SlgQWzfKwbWUov,132,1,28.5,2.375,0.08333333333333333,8.227241335952167,0.28867513459481287,28.5,9.5,4.75,1,0.3333333333333333,0.16666666666666666,0,9.5,0,0,0,0.3333333333333333,0,0,1,0.08333333333333333,0.25,0.5,0.08333333333333333,0.25,0.5
R_3qpxa4Aw8i6qG91,1271,1,21.02,0,0,0,0,0,0,0,0,0,0,0,0,0,0,0,0,0,0,0,0,0,0,0,0,0
R_1cYTBjpzLmoD0o6,1037,1,18,0,0,0,0,0,0,0,0,0,0,0,0,0,0,0,0,0,0,0,0,0,0,0,0,0
R_20Z3XrmdVrFDp3r,69,1,28,2.3333333333333335,0.08333333333333333,8.082903768654761,0.28867513459481287,28,9.333333333333334,4.666666666666667,1,0.3333333333333333,0.16666666666666666,0,9.333333333333334,0,0,0,0.3333333333333333,0,0,1,0.08333333333333334,0.25,0.5,0.08333333333333333,0.25,0.5
R_BqYfDp9vJ2Y07K1,529,1,49.5,0,0,0,0,0,0,0,0,0,0,0,0,0,0,0,0,0,0,0,0,0,0,0,0,0
R_6RpwKYK0Mr2zKBH,44,3,161.2,4.575833333333333,0.08333333333333333,15.851151640601174,0.28867513459481287,54.91,18.30333333333333,9.151666666666666,1,0.3333333333333333,0.16666666666666666,0,0,18.30333333333333,0,0,0,0.3333333333333333,0,1,0.08333333333333333,0.25,0.5,0.08333333333333333,0.25,0.5
R_3wT1t9duSUIPC5b,605,6,38.480000000000004,0,0,0,0,0,0,0,0,0,0,0,0,0,0,0,0,0,0,0,0,0,0,0,0,0
R_1NEVjqnQFBlnPsg,181,1,24.94,2.0783333333333336,0.08333333333333333,7.199557856794634,0.28867513459481287,24.94,8.313333333333334,4.156666666666667,1,0.3333333333333333,0.16666666666666666,8.313333333333334,0,0,0,0.3333333333333333,0,0,0,1,0.08333333333333334,0.25,0.5,0.08333333333333333,0.25,0.5
R_3IRiT8PbSGOvVXS,683,1,14,0,0,0,0,0,0,0,0,0,0,0,0,0,0,0,0,0,0,0,0,0,0,0,0,0
R_2UXcGktpoM2AYrg,36,5,110.76,8.147499999999999,0.3333333333333333,16.555305178263993,0.6513389472789296,52.8,32.589999999999996,16.294999999999998,2,1.3333333333333333,0.6666666666666666,0,8.326666666666666,24.263333333333332,0,0,0.3333333333333333,1,0,3,0.1543087121212121,0.25,0.5,0.16666666666666666,0.25,0.5
R_24INqi2ERG7Q8v3,413,5,147.8,0,0,0,0,0,0,0,0,0,0,0,0,0,0,0,0,0,0,0,0,0,0,0,0,0
R_2s1NERfXcg9x1UQ,354,2,104.47999999999999,6.665833333333333,0.08333333333333333,23.091124016239082,0.28867513459481287,79.99,26.66333333333333,13.331666666666665,1,0.3333333333333333,0.16666666666666666,0,0,26.66333333333333,0,0,0,0.3333333333333333,0,1,0.08333333333333333,0.25,0.5,0.08333333333333333,0.25,0.5
R_2xK6jrLgatky4Bp,379,2,213.95,0,0,0,0,0,0,0,0,0,0,0,0,0,0,0,0,0,0,0,0,0,0,0,0,0
R_C3LfLBkg9TFvQnD,304,6,147.57999999999998,11.698333333333332,0.4166666666666667,27.668796285324518,0.9962049198956219,80.44,46.79333333333333,23.396666666666665,3,1.6666666666666667,0.8333333333333334,0,0,26.813333333333333,19.98,0,0,0.6666666666666666,1,2,0.14542930548649097,0.25,0.5,0.1388888888888889,0.25,0.5
R_2VpWRgz8AMA7t7T,504,2,34.95,0,0,0,0,0,0,0,0,0,0,0,0,0,0,0,0,0,0,0,0,0,0,0,0,0
R_1Q9JeeKncbbLcz0,484,2,99.91,0,0,0,0,0,0,0,0,0,0,0,0,0,0,0,0,0,0,0,0,0,0,0,0,0
R_bBg8ASGfEpux3hv,88,2,43.44,2.705,0.08333333333333333,9.370394868947626,0.28867513459481287,32.46,10.82,5.41,1,0.3333333333333333,0.16666666666666666,0,10.82,0,0,0,0.3333333333333333,0,0,1,0.08333333333333333,0.25,0.5,0.08333333333333333,0.25,0.5
R_1OwPHmxBaFuAS1q,36,2,39.019999999999996,3.2516666666666665,0.16666666666666666,11.264103751889598,0.5773502691896257,39.019999999999996,13.006666666666666,6.503333333333333,2,0.6666666666666666,0.3333333333333333,0,0,13.006666666666666,0,0,0,0.6666666666666666,0,1,0.08333333333333334,0.25,0.5,0.08333333333333333,0.25,0.5
R_26ndjFF4QlEU81o,146,1,24.29,2.0241666666666664,0.08333333333333333,7.011919019308005,0.28867513459481287,24.29,8.096666666666666,4.048333333333333,1,0.3333333333333333,0.16666666666666666,0,8.096666666666666,0,0,0,0.3333333333333333,0,0,1,0.08333333333333333,0.25,0.5,0.08333333333333333,0.25,0.5
R_3JIBjVcP4lFnfyw,647,3,171.14000000000001,0,0,0,0,0,0,0,0,0,0,0,0,0,0,0,0,0,0,0,0,0,0,0,0,0
R_1DO0yCFWRZwNW8m,212,2,85.14,7.095,0.16666666666666666,24.57780095940237,0.5773502691896257,85.14,28.38,14.19,2,0.6666666666666666,0.3333333333333333,28.38,0,0,0,0.6666666666666666,0,0,0,1,0.08333333333333333,0.25,0.5,0.08333333333333333,0.25,0.5
R_bEM9MySQ9bTLMc1,119,1,15,1.25,0.08333333333333333,4.330127018922194,0.28867513459481287,15,5,2.5,1,0.3333333333333333,0.16666666666666666,0,5,0,0,0,0.3333333333333333,0,0,1,0.08333333333333333,0.25,0.5,0.08333333333333333,0.25,0.5
R_1qXa6rLKlwTkwDN,109,3,38.88,1.1641666666666668,0.08333333333333333,4.032791630289536,0.28867513459481287,13.97,4.656666666666667,2.3283333333333336,1,0.3333333333333333,0.16666666666666666,0,4.656666666666667,0,0,0,0.3333333333333333,0,0,1,0.08333333333333334,0.25,0.5,0.08333333333333333,0.25,0.5
R_10uU7A3PqkL1i0o,67,1,54.99,4.5825000000000005,0.08333333333333333,15.87424565136876,0.28867513459481287,54.99,18.330000000000002,9.165000000000001,1,0.3333333333333333,0.16666666666666666,0,18.330000000000002,0,0,0,0.3333333333333333,0,0,1,0.08333333333333334,0.25,0.5,0.08333333333333333,0.25,0.5
R_RLkY8gV3T48ZcoF,33,1,58.99,4.9158333333333335,0.08333333333333333,17.028946189748012,0.28867513459481287,58.99,19.663333333333334,9.831666666666667,1,0.3333333333333333,0.16666666666666666,0,0,19.663333333333334,0,0,0,0.3333333333333333,0,1,0.08333333333333333,0.25,0.5,0.08333333333333333,0.25,0.5
R_1mEl7bQFxeR8t4T,1084,1,29.99,0,0,0,0,0,0,0,0,0,0,0,0,0,0,0,0,0,0,0,0,0,0,0,0,0
R_1LMcU7izBtOlnNn,999,1,29.95,0,0,0,0,0,0,0,0,0,0,0,0,0,0,0,0,0,0,0,0,0,0,0,0,0
R_3sp0qsXaE11taC1,377,1,45,0,0,0,0,0,0,0,0,0,0,0,0,0,0,0,0,0,0,0,0,0,0,0,0,0
R_3oHHllow10IADbd,309,2,122.5,10.208333333333334,0.16666666666666666,35.36270398786458,0.5773502691896257,122.5,40.833333333333336,20.416666666666668,2,0.6666666666666666,0.3333333333333333,0,0,0,40.833333333333336,0,0,0,0.6666666666666666,1,0.08333333333333334,0.25,0.5,0.08333333333333333,0.25,0.5
R_3PjlivvZHpECDkS,1267,1,55.12,0,0,0,0,0,0,0,0,0,0,0,0,0,0,0,0,0,0,0,0,0,0,0,0,0
R_10UIzdrJBjoXiRu,57,10,324.41,14.265,0.3333333333333333,26.14201199045496,0.49236596391733095,78.23,52.06,28.53,1,1,0.6666666666666666,7.333333333333333,0,26.076666666666668,23.650000000000002,0.3333333333333333,0,0.3333333333333333,0.6666666666666666,4,0.18234692573181643,0.27401075681905496,0.5,0.3333333333333333,0.3333333333333333,0.5
R_33Dw8oXaXrUFCue,133,1,12,1,0.08333333333333333,3.4641016151377544,0.28867513459481287,12,4,2,1,0.3333333333333333,0.16666666666666666,0,4,0,0,0,0.3333333333333333,0,0,1,0.08333333333333333,0.25,0.5,0.08333333333333333,0.25,0.5
R_0ik28Zx98AWSuWd,702,1,108,0,0,0,0,0,0,0,0,0,0,0,0,0,0,0,0,0,0,0,0,0,0,0,0,0
R_1Nnv2IYQFpUwHrr,702,3,126.82000000000001,0,0,0,0,0,0,0,0,0,0,0,0,0,0,0,0,0,0,0,0,0,0,0,0,0
R_5mAfoSXflbRBwLn,139,1,23.74,1.9783333333333333,0.08333333333333333,6.853147695280858,0.28867513459481287,23.74,7.913333333333333,3.9566666666666666,1,0.3333333333333333,0.16666666666666666,0,7.913333333333333,0,0,0,0.3333333333333333,0,0,1,0.08333333333333334,0.25,0.5,0.08333333333333333,0.25,0.5
R_2xUWWDmNfdm90uH,838,1,45,0,0,0,0,0,0,0,0,0,0,0,0,0,0,0,0,0,0,0,0,0,0,0,0,0
R_4T5RGwzoLEPKSxH,473,1,32.46,0,0,0,0,0,0,0,0,0,0,0,0,0,0,0,0,0,0,0,0,0,0,0,0,0
R_22SxELlmhBQCe1C,70,6,388.59,1.6658333333333333,0.08333333333333333,5.770615940550309,0.28867513459481287,19.99,6.663333333333333,3.3316666666666666,1,0.3333333333333333,0.16666666666666666,0,6.663333333333333,0,0,0,0.3333333333333333,0,0,1,0.08333333333333334,0.25,0.5,0.08333333333333333,0.25,0.5
R_1hVXOHhrUPDIoxW,498,3,114.03999999999999,0,0,0,0,0,0,0,0,0,0,0,0,0,0,0,0,0,0,0,0,0,0,0,0,0
R_2QfJrJ6NScKkMV6,696,1,25,0,0,0,0,0,0,0,0,0,0,0,0,0,0,0,0,0,0,0,0,0,0,0,0,0
R_2EglJpTWGEiwQYa,167,13,536.86,1.0833333333333333,0.08333333333333333,3.7527767497325675,0.28867513459481287,13,4.333333333333333,2.1666666666666665,1,0.3333333333333333,0.16666666666666666,4.333333333333333,0,0,0,0.3333333333333333,0,0,0,1,0.08333333333333333,0.25,0.5,0.08333333333333333,0.25,0.5
R_1lo5uRr9KHuBy90,335,1,54.13,4.510833333333333,0.08333333333333333,15.625985035617221,0.28867513459481287,54.13,18.043333333333333,9.0216666666666665,1,0.3333333333333333,0.16666666666666666,0,0,18.043333333333333,0,0,0,0.3333333333333333,0,1,0.08333333333333333,0.25,0.5,0.08333333333333333,0.25,0.5
R_3lXmoZ903QXEUrl,1272,2,198.88,0,0,0,0,0,0,0,0,0,0,0,0,0,0,0,0,0,0,0,0,0,0,0,0,0
R_30qTlKzhdIqtgiz,28,2,70.53999999999999,5.878333333333333,0.16666666666666666,13.797315175808881,0.3892494720807615,38.49,23.513333333333332,11.756666666666666,1,0.6666666666666666,0.3333333333333333,0,0,10.683333333333332,12.83,0,0,0.3333333333333333,0.3333333333333333,2,0.15272365116480469,0.25,0.5,0.16666666666666666,0.25,0.5
R_3eqVHUBiQdiljFW,631,1,122,0,0,0,0,0,0,0,0,0,0,0,0,0,0,0,0,0,0,0,0,0,0,0,0,0
R_3KxdwpyxRTWWDqb,284,1,24,2,0.08333333333333333,6.928203230275509,0.28867513459481287,24,8,4,1,0.3333333333333333,0.16666666666666666,0,0,0,8,0,0,0,0.3333333333333333,1,0.08333333333333333,0.25,0.5,0.08333333333333333,0.25,0.5
R_vYx1N4Yte3FORJD,180,1,89.94,7.495,0.08333333333333333,25.96344160545747,0.28867513459481287,89.94,29.98,14.99,1,0.3333333333333333,0.16666666666666666,29.98,0,0,0,0.3333333333333333,0,0,0,1,0.08333333333333334,0.25,0.5,0.08333333333333333,0.25,0.5
R_2bO84Ktdkq0012R,631,1,24.95,0,0,0,0,0,0,0,0,0,0,0,0,0,0,0,0,0,0,0,0,0,0,0,0,0
R_1pDWbdAWjte1JTJ,344,2,43.989999999999995,1.8324999999999998,0.08333333333333333,6.347966209739935,0.28867513459481287,21.99,7.329999999999999,3.6649999999999996,1,0.3333333333333333,0.16666666666666666,0,0,7.329999999999999,0,0,0,0.3333333333333333,0,1,0.08333333333333333,0.25,0.5,0.08333333333333333,0.25,0.5
R_3LY0OeNnzzdug55,69,2,48.98,1.6658333333333333,0.08333333333333333,5.770615940550309,0.28867513459481287,19.99,6.663333333333333,3.3316666666666666,1,0.3333333333333333,0.16666666666666666,0,6.663333333333333,0,0,0,0.3333333333333333,0,0,1,0.08333333333333334,0.25,0.5,0.08333333333333333,0.25,0.5
R_3FUNDRuv13pcDZN,358,2,62.48,1.875,0.08333333333333333,6.49519052838329,0.28867513459481287,22.5,7.5,3.75,1,0.3333333333333333,0.16666666666666666,0,0,7.5,0,0,0,0.3333333333333333,0,1,0.08333333333333333,0.25,0.5,0.08333333333333333,0.25,0.5
R_3ixmGBJOpKuITJL,1043,1,41.12,0,0,0,0,0,0,0,0,0,0,0,0,0,0,0,0,0,0,0,0,0,0,0,0,0
R_2uCXyvXntq0PcCx,70,1,14.97,1.2475,0.08333333333333333,4.321466764884349,0.28867513459481287,14.97,4.99,2.495,1,0.3333333333333333,0.16666666666666666,0,4.99,0,0,0,0.3333333333333333,0,0,1,0.08333333333333333,0.25,0.5,0.08333333333333333,0.25,0.5
R_3fxhcf9cnZWI5qg,153,1,20.37,1.6975,0.08333333333333333,5.880312491696339,0.28867513459481287,20.37,6.79,3.395,1,0.3333333333333333,0.16666666666666666,6.79,0,0,0,0.3333333333333333,0,0,0,1,0.08333333333333333,0.25,0.5,0.08333333333333333,0.25,0.5
R_0icLDXwMGw8dAqd,857,1,49.99,0,0,0,0,0,0,0,0,0,0,0,0,0,0,0,0,0,0,0,0,0,0,0,0,0
R_2WZPO77ofaGQyBR,161,5,157.07,5.174166666666667,0.16666666666666666,12.266829225289811,0.3892494720807615,35.99,20.69666666666667,10.348333333333334,1,0.6666666666666666,0.3333333333333333,8.700000000000001,0,11.996666666666668,0,0.3333333333333333,0,0.3333333333333333,0,2,0.14376678707048254,0.25,0.5,0.16666666666666666,0.25,0.5
R_1GJQPdG3jpH3uLc,1344,1,8.5,0,0,0,0,0,0,0,0,0,0,0,0,0,0,0,0,0,0,0,0,0,0,0,0,0
R_2wQqVnIFDz7CVjp,58,5,120.19,10.015833333333333,0.4166666666666667,15.059947759376575,0.6685579234215214,35,32.19,20.031666666666666,2,1.3333333333333333,0.8333333333333334,19.54,9.200000000000001,11.323333333333332,0,1,0.3333333333333333,0.3333333333333333,0,4,0.2861666666666667,0.31114735425080253,0.5,0.20833333333333334,0.31250000000000006,0.5
R_8hJoBZ9EnImCSxX,1021,1,35,0,0,0,0,0,0,0,0,0,0,0,0,0,0,0,0,0,0,0,0,0,0,0,0,0
R_2PiMka1SHyZrLEK,13,6,164.38,13.698333333333332,0.5,20.734890153964397,0.7977240352174656,50.879999999999995,44.79333333333333,27.396666666666665,2,1.6666666666666667,1,26.959999999999997,0,13.333333333333334,14.5,1,0,0.3333333333333333,0.6666666666666666,4,0.26922824947589097,0.3058118767673761,0.5,0.25,0.3,0.5
R_1OpBOVBIiQpQOdY,977,1,40,0,0,0,0,0,0,0,0,0,0,0,0,0,0,0,0,0,0,0,0,0,0,0,0,0
R_2U45wkV0hf1A79G,39,2,100.77,4.524166666666667,0.08333333333333333,15.672173057152392,0.28867513459481287,54.29,18.096666666666668,9.048333333333334,1,0.3333333333333333,0.16666666666666666,0,0,18.096666666666668,0,0,0,0.3333333333333333,0,1,0.08333333333333334,0.25,0.5,0.08333333333333333,0.25,0.5
R_3ffp8zARsGqkOER,509,1,18.71,0,0,0,0,0,0,0,0,0,0,0,0,0,0,0,0,0,0,0,0,0,0,0,0,0
R_3NQyjCbeWDx3POa,115,2,73.85,6.154166666666667,0.16666666666666666,17.382167695310006,0.3892494720807615,59.85,24.616666666666667,12.308333333333334,1,0.6666666666666666,0.3333333333333333,0,19.95,4.666666666666667,0,0,0.3333333333333333,0.3333333333333333,0,2,0.10282651072124756,0.25,0.5,0.16666666666666666,0.25,0.5
R_28A3bViTfrJjMFz,184,4,414.44,5.8325,0.08333333333333333,20.20437267029095,0.28867513459481287,69.99,23.33,11.665,1,0.3333333333333333,0.16666666666666666,23.33,0,0,0,0.3333333333333333,0,0,0,1,0.08333333333333333,0.25,0.5,0.08333333333333333,0.25,0.5
R_31A7MK65zEMwnkX,0,4,118.24,9.8533333333333335,0.3333333333333333,24.413929456667795,0.778498944161523,78.24,39.413333333333334,19.706666666666667,2,1.3333333333333333,0.6666666666666666,0,26.08,13.333333333333334,0,0,0.6666666666666666,0.6666666666666666,0,2,0.12593728698023177,0.25,0.5,0.16666666666666666,0.25,0.5
R_plp4APP7ieUnHfH,96,6,258.23,5.848333333333333,0.16666666666666666,20.259220945863966,0.5773502691896257,70.17999999999999,23.39333333333333,11.696666666666665,2,0.6666666666666666,0.3333333333333333,0,23.39333333333333,0,0,0,0.6666666666666666,0,0,1,0.08333333333333333,0.25,0.5,0.08333333333333333,0.25,0.5
R_27wIB08amTLLAwh,343,1,24.7,2.058333333333333,0.08333333333333333,7.130275824491878,0.28867513459481287,24.7,8.233333333333333,4.116666666666666,1,0.3333333333333333,0.16666666666666666,0,0,8.233333333333333,0,0,0,0.3333333333333333,0,1,0.08333333333333333,0.25,0.5,0.08333333333333333,0.25,0.5
R_2cuOE8Vi57bFRM8,89,1,17.78,1.4816666666666667,0.08333333333333333,5.132643893095773,0.28867513459481287,17.78,5.926666666666667,2.9633333333333334,1,0.3333333333333333,0.16666666666666666,0,5.926666666666667,0,0,0,0.3333333333333333,0,0,1,0.08333333333333333,0.25,0.5,0.08333333333333333,0.25,0.5
R_2Etc0qZ3B702xxn,375,2,279.9,0,0,0,0,0,0,0,0,0,0,0,0,0,0,0,0,0,0,0,0,0,0,0,0,0
R_1prtkRarVfaLJU8,1231,1,23.92,0,0,0,0,0,0,0,0,0,0,0,0,0,0,0,0,0,0,0,0,0,0,0,0,0
R_1flwKLMqaye34Pb,159,1,58.8,4.8999999999999995,0.08333333333333333,16.974097914174997,0.28867513459481287,58.8,19.599999999999998,9.799999999999999,1,0.3333333333333333,0.16666666666666666,19.599999999999998,0,0,0,0.3333333333333333,0,0,0,1,0.08333333333333333,0.25,0.5,0.08333333333333333,0.25,0.5
R_2XoI6KbLJRGFz5X,183,3,114.02000000000001,2.0833333333333335,0.08333333333333333,7.216878364870322,0.28867513459481287,25,8.333333333333334,4.166666666666667,1,0.3333333333333333,0.16666666666666666,8.333333333333334,0,0,0,0.3333333333333333,0,0,0,1,0.08333333333333334,0.25,0.5,0.08333333333333333,0.25,0.5
R_9GKdL1PctL2H4OJ,75,3,101.28999999999999,4.575,0.08333333333333333,15.848264889255226,0.28867513459481287,54.9,18.3,9.15,1,0.3333333333333333,0.16666666666666666,0,18.3,0,0,0,0.3333333333333333,0,0,1,0.08333333333333334,0.25,0.5,0.08333333333333333,0.25,0.5
R_271MengshrPzDvK,829,3,116.44,0,0,0,0,0,0,0,0,0,0,0,0,0,0,0,0,0,0,0,0,0,0,0,0,0
R_1ot2z2xc5wpqufx,1393,1,44,0,0,0,0,0,0,0,0,0,0,0,0,0,0,0,0,0,0,0,0,0,0,0,0,0
R_XSVsVm3kojFdmCJ,4,1,31.97,2.6641666666666666,0.08333333333333333,9.228944052996168,0.28867513459481287,31.97,10.656666666666666,5.328333333333333,1,0.3333333333333333,0.16666666666666666,0,0,10.656666666666666,0,0,0,0.3333333333333333,0,1,0.08333333333333333,0.25,0.5,0.08333333333333333,0.25,0.5
R_1NySziOu3paaWyj,1378,1,90,0,0,0,0,0,0,0,0,0,0,0,0,0,0,0,0,0,0,0,0,0,0,0,0,0
R_e387De1jF0gN2OB,228,1,33,2.75,0.08333333333333333,9.526279441628825,0.28867513459481287,33,11,5.5,1,0.3333333333333333,0.16666666666666666,11,0,0,0,0.3333333333333333,0,0,0,1,0.08333333333333333,0.25,0.5,0.08333333333333333,0.25,0.5
R_1QtQEfi1VAWgRM0,475,12,598.34,0,0,0,0,0,0,0,0,0,0,0,0,0,0,0,0,0,0,0,0,0,0,0,0,0
R_1es0ZAh99KXD78e,283,6,222.35,7.745,0.16666666666666666,23.04328397524182,0.3892494720807615,79.95,30.98,15.49,1,0.6666666666666666,0.3333333333333333,0,0,4.33,26.650000000000002,0,0,0.3333333333333333,0.3333333333333333,2,0.09687304565353345,0.25,0.5,0.16666666666666666,0.25,0.5
R_3NHPsnCWAEa4CFk,472,1,17.99,0,0,0,0,0,0,0,0,0,0,0,0,0,0,0,0,0,0,0,0,0,0,0,0,0
R_3MzDO7u2oOPlJtF,1298,1,62.89,0,0,0,0,0,0,0,0,0,0,0,0,0,0,0,0,0,0,0,0,0,0,0,0,0
R_2wHwNZWEecJflLc,646,1,21.99,0,0,0,0,0,0,0,0,0,0,0,0,0,0,0,0,0,0,0,0,0,0,0,0,0
R_2B2MxyY9jNHjyuL,1235,1,26.99,0,0,0,0,0,0,0,0,0,0,0,0,0,0,0,0,0,0,0,0,0,0,0,0,0
R_2qxZ0v6uaLBRkV7,186,11,324.11,7.165833333333333,0.25,16.87130455608701,0.621581560508061,48,28.66333333333333,14.331666666666665,2,1,0.5,12.663333333333332,0,0,16,0.6666666666666666,0,0,0.3333333333333333,2,0.14928819444444444,0.25,0.5,0.125,0.25,0.5
R_1E3TJBNJVtr3tcD,1083,2,61.45,0,0,0,0,0,0,0,0,0,0,0,0,0,0,0,0,0,0,0,0,0,0,0,0,0
R_2ylSbd8k18avYSm,100,5,130.14,10.845,0.4166666666666667,25.331567263002107,0.9962049198956219,66,43.38,21.69,3,1.6666666666666667,0.8333333333333334,22,21.38,0,0,0.6666666666666666,1,0,0,2,0.16431818181818184,0.25,0.5,0.1388888888888889,0.25,0.5
R_3KBKPnSEuQx00up,157,3,98.69,2.0791666666666666,0.08333333333333333,7.202444608140581,0.28867513459481287,24.95,8.316666666666666,4.158333333333333,1,0.3333333333333333,0.16666666666666666,8.316666666666666,0,0,0,0.3333333333333333,0,0,0,1,0.08333333333333333,0.25,0.5,0.08333333333333333,0.25,0.5
R_2WSDyKoVDJhO1Os,431,1,50,0,0,0,0,0,0,0,0,0,0,0,0,0,0,0,0,0,0,0,0,0,0,0,0,0
R_voSNwyVcZWdCTJv,413,1,10,0,0,0,0,0,0,0,0,0,0,0,0,0,0,0,0,0,0,0,0,0,0,0,0,0
R_1Fyt6rHyiQcVOT8,979,1,62.99,0,0,0,0,0,0,0,0,0,0,0,0,0,0,0,0,0,0,0,0,0,0,0,0,0
R_eOMCliqYqUD4oOR,1290,5,313.91,0,0,0,0,0,0,0,0,0,0,0,0,0,0,0,0,0,0,0,0,0,0,0,0,0
R_3ESEXAc9qI9Kwvu,132,1,59.99,4.9991666666666665,0.08333333333333333,17.317621324342824,0.28867513459481287,59.99,19.996666666666666,9.998333333333333,1,0.3333333333333333,0.16666666666666666,0,19.996666666666666,0,0,0,0.3333333333333333,0,0,1,0.08333333333333333,0.25,0.5,0.08333333333333333,0.25,0.5
R_1o4IsRkXnLlSU6K,491,5,214.37,0,0,0,0,0,0,0,0,0,0,0,0,0,0,0,0,0,0,0,0,0,0,0,0,0
R_3svvB68IgLOnuSn,634,1,10,0,0,0,0,0,0,0,0,0,0,0,0,0,0,0,0,0,0,0,0,0,0,0,0,0
R_eth9yMZrzStQnTz,65,2,34.44,2.87,0.16666666666666666,6.776106417539366,0.3892494720807615,19.55,11.48,5.74,1,0.6666666666666666,0.3333333333333333,0,11.48,0,0,0,0.6666666666666666,0,0,2,0.14680306905370843,0.25,0.5,0.16666666666666666,0.25,0.5
R_3iVJ4NtqpKGbPCp,498,3,73.99,0,0,0,0,0,0,0,0,0,0,0,0,0,0,0,0,0,0,0,0,0,0,0,0,0
R_XX4679ZDUYaKZTb,1027,1,29.98,0,0,0,0,0,0,0,0,0,0,0,0,0,0,0,0,0,0,0,0,0,0,0,0,0
R_2zMhh48pxUCJZoH,209,1,82.99,6.915833333333333,0.08333333333333333,23.95714942002352,0.28867513459481287,82.99,27.66333333333333,13.831666666666665,1,0.3333333333333333,0.16666666666666666,27.66333333333333,0,0,0,0.3333333333333333,0,0,0,1,0.08333333333333333,0.25,0.5,0.08333333333333333,0.25,0.5
R_33a2eGfoj5xSrE2,284,1,11,0.9166666666666666,0.08333333333333333,3.1754264805429417,0.28867513459481287,11,3.6666666666666665,1.8333333333333333,1,0.3333333333333333,0.16666666666666666,0,0,0,3.6666666666666665,0,0,0,0.3333333333333333,1,0.08333333333333333,0.25,0.5,0.08333333333333333,0.25,0.5
R_3iCE108AGwThd1f,714,1,28.37,0,0,0,0,0,0,0,0,0,0,0,0,0,0,0,0,0,0,0,0,0,0,0,0,0
R_6X3q4ykD7atEx1L,337,5,81.4,6.783333333333334,0.4166666666666667,23.49815595601777,1.4433756729740645,81.4,27.133333333333336,13.566666666666668,5,1.6666666666666667,0.8333333333333334,0,0,27.133333333333336,0,0,0,1.6666666666666667,0,1,0.08333333333333334,0.25,0.5,0.08333333333333334,0.25,0.5
R_2rIQ3xPfAH7KF8A,137,3,125.88,7.158333333333334,0.16666666666666666,16.719624198328543,0.3892494720807615,43.45,28.633333333333336,14.316666666666668,1,0.6666666666666666,0.3333333333333333,0,14.483333333333334,0,14.15,0,0.3333333333333333,0,0.3333333333333333,2,0.1647487533563483,0.25,0.5,0.16666666666666666,0.25,0.5
R_vcsfXNFhlnqxtYd,265,1,70,5.833333333333333,0.08333333333333333,20.207259421636902,0.28867513459481287,70,23.333333333333332,11.666666666666666,1,0.3333333333333333,0.16666666666666666,0,0,0,23.333333333333332,0,0,0,0.3333333333333333,1,0.08333333333333333,0.25,0.5,0.08333333333333333,0.25,0.5
R_1Kj7uR43IVKeTra,62,1,25,2.0833333333333335,0.08333333333333333,7.216878364870322,0.28867513459481287,25,8.333333333333334,4.166666666666667,1,0.3333333333333333,0.16666666666666666,0,8.333333333333334,0,0,0,0.3333333333333333,0,0,1,0.08333333333333334,0.25,0.5,0.08333333333333333,0.25,0.5
R_1qdM6yLQigCFrkd,489,9,173.15,0,0,0,0,0,0,0,0,0,0,0,0,0,0,0,0,0,0,0,0,0,0,0,0,0
R_2t2UfXrRfbnyKGU,791,4,271.96000000000004,0,0,0,0,0,0,0,0,0,0,0,0,0,0,0,0,0,0,0,0,0,0,0,0,0
R_3MQoiwi214yiPNN,555,1,15,0,0,0,0,0,0,0,0,0,0,0,0,0,0,0,0,0,0,0,0,0,0,0,0,0
R_Og8sDefGp0SvLl7,875,1,35.96,0,0,0,0,0,0,0,0,0,0,0,0,0,0,0,0,0,0,0,0,0,0,0,0,0
R_3CKteaN7MrzuI42,343,1,19.95,1.6624999999999999,0.08333333333333333,5.759068935166517,0.28867513459481287,19.95,6.6499999999999995,3.3249999999999997,1,0.3333333333333333,0.16666666666666666,0,0,6.6499999999999995,0,0,0,0.3333333333333333,0,1,0.08333333333333333,0.25,0.5,0.08333333333333333,0.25,0.5
R_1F35QiIK5csZBEC,285,1,16,1.3333333333333333,0.08333333333333333,4.618802153517006,0.28867513459481287,16,5.333333333333333,2.6666666666666665,1,0.3333333333333333,0.16666666666666666,0,0,0,5.333333333333333,0,0,0,0.3333333333333333,1,0.08333333333333333,0.25,0.5,0.08333333333333333,0.25,0.5
R_10TV1zyi4yCEEkl,1168,1,18,0,0,0,0,0,0,0,0,0,0,0,0,0,0,0,0,0,0,0,0,0,0,0,0,0
R_10PDLObOugOU8tc,341,1,23,1.9166666666666667,0.08333333333333333,6.639528095680697,0.28867513459481287,23,7.666666666666667,3.8333333333333335,1,0.3333333333333333,0.16666666666666666,0,0,7.666666666666667,0,0,0,0.3333333333333333,0,1,0.08333333333333334,0.25,0.5,0.08333333333333333,0.25,0.5
R_3phESUXircSC3Za,327,1,15.85,1.3208333333333333,0.08333333333333333,4.575500883327784,0.28867513459481287,15.85,5.283333333333333,2.6416666666666666,1,0.3333333333333333,0.16666666666666666,0,0,0,5.283333333333333,0,0,0,0.3333333333333333,1,0.08333333333333333,0.25,0.5,0.08333333333333333,0.25,0.5
R_3DdbPgFadLDrK7U,1139,1,45.87,0,0,0,0,0,0,0,0,0,0,0,0,0,0,0,0,0,0,0,0,0,0,0,0,0
R_1OqVCuM7fGds9xh,611,1,31.75,0,0,0,0,0,0,0,0,0,0,0,0,0,0,0,0,0,0,0,0,0,0,0,0,0
R_3HNOpheZEt8babI,1208,1,7,0,0,0,0,0,0,0,0,0,0,0,0,0,0,0,0,0,0,0,0,0,0,0,0,0
R_2mKYTXpTsUEkSGt,305,2,135.95,9.1625,0.08333333333333333,31.739831048699678,0.28867513459481287,109.95,36.65,18.325,1,0.3333333333333333,0.16666666666666666,0,0,0,36.65,0,0,0,0.3333333333333333,1,0.08333333333333333,0.25,0.5,0.08333333333333333,0.25,0.5
R_06d9ULxrBmkwSTn,224,7,243.8,5.988333333333333,0.25,10.841783510888312,0.45226701686664544,24.94,23.953333333333333,11.976666666666667,1,1,0.5,8.313333333333334,0,0,15.639999999999999,0.3333333333333333,0,0,0.6666666666666666,3,0.24010959636460838,0.25,0.5,0.25,0.25,0.5
R_3QGLgxsFPE90Rle,235,6,168.76,1.6666666666666667,0.08333333333333333,5.773502691896258,0.28867513459481287,20,6.666666666666667,3.3333333333333335,1,0.3333333333333333,0.16666666666666666,6.666666666666667,0,0,0,0.3333333333333333,0,0,0,1,0.08333333333333334,0.25,0.5,0.08333333333333333,0.25,0.5
R_33e7mSbpjZVKW82,96,1,20.99,1.7491666666666665,0.08333333333333333,6.059291075145122,0.28867513459481287,20.99,6.996666666666666,3.498333333333333,1,0.3333333333333333,0.16666666666666666,0,6.996666666666666,0,0,0,0.3333333333333333,0,0,1,0.08333333333333333,0.25,0.5,0.08333333333333333,0.25,0.5
R_XtYIlnjI6etRnGh,1330,1,27.6,0,0,0,0,0,0,0,0,0,0,0,0,0,0,0,0,0,0,0,0,0,0,0,0,0
R_2YkZ80PY6z9YT37,581,2,27.48,0,0,0,0,0,0,0,0,0,0,0,0,0,0,0,0,0,0,0,0,0,0,0,0,0
R_zfnsck2ZatnGtY5,489,2,53.49,0,0,0,0,0,0,0,0,0,0,0,0,0,0,0,0,0,0,0,0,0,0,0,0,0
R_3R3FfvTaRKxigNl,1275,1,24.95,0,0,0,0,0,0,0,0,0,0,0,0,0,0,0,0,0,0,0,0,0,0,0,0,0
R_3n2bkmbpmkU4gYf,476,1,15.99,0,0,0,0,0,0,0,0,0,0,0,0,0,0,0,0,0,0,0,0,0,0,0,0,0
R_2zUBXlqUCKqKDVI,359,3,170.09,4.595833333333333,0.08333333333333333,15.92043367290393,0.28867513459481287,55.15,18.383333333333333,9.191666666666666,1,0.3333333333333333,0.16666666666666666,0,0,18.383333333333333,0,0,0,0.3333333333333333,0,1,0.08333333333333333,0.25,0.5,0.08333333333333333,0.25,0.5
R_2xxEyjhELW9C6aW,219,6,215.59,1.8291666666666666,0.08333333333333333,6.336419204356143,0.28867513459481287,21.95,7.316666666666666,3.658333333333333,1,0.3333333333333333,0.16666666666666666,7.316666666666666,0,0,0,0.3333333333333333,0,0,0,1,0.08333333333333333,0.25,0.5,0.08333333333333333,0.25,0.5
R_1dKBjc0UTA0ZiYb,1025,1,36.99,0,0,0,0,0,0,0,0,0,0,0,0,0,0,0,0,0,0,0,0,0,0,0,0,0
R_cShLepO1fPFrHSF,182,1,12,1,0.08333333333333333,3.4641016151377544,0.28867513459481287,12,4,2,1,0.3333333333333333,0.16666666666666666,4,0,0,0,0.3333333333333333,0,0,0,1,0.08333333333333333,0.25,0.5,0.08333333333333333,0.25,0.5
R_3Jxiicg67etW2yt,879,1,7.98,0,0,0,0,0,0,0,0,0,0,0,0,0,0,0,0,0,0,0,0,0,0,0,0,0
R_1CDqTWLWIk642Vp,488,1,74.95,0,0,0,0,0,0,0,0,0,0,0,0,0,0,0,0,0,0,0,0,0,0,0,0,0
R_1dFu7LeBJE3Wd6p,768,1,60,0,0,0,0,0,0,0,0,0,0,0,0,0,0,0,0,0,0,0,0,0,0,0,0,0
R_UWlLZdb69GeLobf,881,1,41.31,0,0,0,0,0,0,0,0,0,0,0,0,0,0,0,0,0,0,0,0,0,0,0,0,0
R_33d7M6Nr0oXVk6w,13,7,159.97,4.6658333333333335,0.16666666666666666,11.29786822879217,0.3892494720807615,34.99,18.663333333333334,9.331666666666667,1,0.6666666666666666,0.3333333333333333,7,0,11.663333333333334,0,0.3333333333333333,0,0.3333333333333333,0,2,0.1333476231304182,0.25,0.5,0.16666666666666666,0.25,0.5
R_1NDq0rxoUSu6oyz,40,23,460.41,17.240833333333335,1.0833333333333333,27.846951998487388,1.6764862244009227,76.5,59.96333333333333,34.48166666666667,4,3.6666666666666665,2.1666666666666665,45.81333333333333,9,14.15,0,2.6666666666666665,0.6666666666666666,1,0,4,0.2253703703703704,0.28752293067985996,0.5,0.2708333333333333,0.29545454545454547,0.5
R_3EstwwBJnGlJRF9,73,1,19.99,1.6658333333333333,0.08333333333333333,5.770615940550309,0.28867513459481287,19.99,6.663333333333333,3.3316666666666666,1,0.3333333333333333,0.16666666666666666,0,6.663333333333333,0,0,0,0.3333333333333333,0,0,1,0.08333333333333334,0.25,0.5,0.08333333333333333,0.25,0.5
R_2AHiSANbVno9jis,331,2,65.17,3.4375,0.08333333333333333,11.90784930203603,0.28867513459481287,41.25,13.75,6.875,1,0.3333333333333333,0.16666666666666666,0,0,0,13.75,0,0,0,0.3333333333333333,1,0.08333333333333333,0.25,0.5,0.08333333333333333,0.25,0.5
R_O8Wb9DhS9QWdXnb,125,4,108.8,4.525833333333333,0.16666666666666666,10.65533622892845,0.3892494720807615,30.31,18.10333333333333,9.051666666666666,1,0.6666666666666666,0.3333333333333333,10.103333333333333,8,0,0,0.3333333333333333,0.3333333333333333,0,0,2,0.1493181568239305,0.25,0.5,0.16666666666666666,0.25,0.5
R_3pne9eBIH77fjaj,513,1,49,0,0,0,0,0,0,0,0,0,0,0,0,0,0,0,0,0,0,0,0,0,0,0,0,0
R_2wKuMmrh8yJ9vHi,85,1,47.79,3.9825,0.08333333333333333,13.795784682286106,0.28867513459481287,47.79,15.93,7.965,1,0.3333333333333333,0.16666666666666666,0,15.93,0,0,0,0.3333333333333333,0,0,1,0.08333333333333333,0.25,0.5,0.08333333333333333,0.25,0.5
R_2QxhYoQlRBK7D8d,27,1,14.99,1.2491666666666668,0.08333333333333333,4.327240267576245,0.28867513459481287,14.99,4.996666666666667,2.4983333333333335,1,0.3333333333333333,0.16666666666666666,0,0,4.996666666666667,0,0,0,0.3333333333333333,0,1,0.08333333333333334,0.25,0.5,0.08333333333333333,0.25,0.5
R_2Vxxas8YTz85ckg,828,2,48.21,0,0,0,0,0,0,0,0,0,0,0,0,0,0,0,0,0,0,0,0,0,0,0,0,0
R_2s4n0WZMl82meOT,1265,1,15,0,0,0,0,0,0,0,0,0,0,0,0,0,0,0,0,0,0,0,0,0,0,0,0,0
R_2WuuY0g77i5Z7eq,76,3,71.97999999999999,3.498333333333333,0.16666666666666666,12.118582150290244,0.5773502691896257,41.98,13.993333333333332,6.996666666666666,2,0.6666666666666666,0.3333333333333333,0,13.993333333333332,0,0,0,0.6666666666666666,0,0,1,0.08333333333333333,0.25,0.5,0.08333333333333333,0.25,0.5
R_9yOmfJyU0rNZGW5,567,1,19.6,0,0,0,0,0,0,0,0,0,0,0,0,0,0,0,0,0,0,0,0,0,0,0,0,0
R_2U0l40aPYAoBJLV,26,3,77.25,4.270833333333333,0.16666666666666666,14.794600647984161,0.5773502691896257,51.25,17.083333333333332,8.541666666666666,2,0.6666666666666666,0.3333333333333333,0,0,17.083333333333332,0,0,0,0.6666666666666666,0,1,0.08333333333333333,0.25,0.5,0.08333333333333333,0.25,0.5
R_1lxYa2W6GgcAQ19,442,2,29.990000000000002,0,0,0,0,0,0,0,0,0,0,0,0,0,0,0,0,0,0,0,0,0,0,0,0,0
R_25vIhDjw3kwMi6m,796,2,108.34,0,0,0,0,0,0,0,0,0,0,0,0,0,0,0,0,0,0,0,0,0,0,0,0,0
R_1E6GWpRjzjM8bNK,1217,2,42.989999999999995,0,0,0,0,0,0,0,0,0,0,0,0,0,0,0,0,0,0,0,0,0,0,0,0,0
R_1QLtq9IxnM5iU7c,35,1,121.14,10.095,0.08333333333333333,34.97010580481563,0.28867513459481287,121.14,40.38,20.19,1,0.3333333333333333,0.16666666666666666,0,0,40.38,0,0,0,0.3333333333333333,0,1,0.08333333333333334,0.25,0.5,0.08333333333333333,0.25,0.5
R_4YnsyJn7OBPaUut,1148,1,19.98,0,0,0,0,0,0,0,0,0,0,0,0,0,0,0,0,0,0,0,0,0,0,0,0,0
R_3hosWdcmm0vvrdx,702,6,245.22,0,0,0,0,0,0,0,0,0,0,0,0,0,0,0,0,0,0,0,0,0,0,0,0,0
R_prQTemxJzwhBapz,682,2,59.42,0,0,0,0,0,0,0,0,0,0,0,0,0,0,0,0,0,0,0,0,0,0,0,0,0
R_SE8gIJVx1g0m6T7,628,2,33.82,0,0,0,0,0,0,0,0,0,0,0,0,0,0,0,0,0,0,0,0,0,0,0,0,0
R_3kc6o6p4Ocxztg0,342,1,12.99,1.0825,0.08333333333333333,3.7498899983866196,0.28867513459481287,12.99,4.33,2.165,1,0.3333333333333333,0.16666666666666666,0,0,4.33,0,0,0,0.3333333333333333,0,1,0.08333333333333333,0.25,0.5,0.08333333333333333,0.25,0.5
R_yJz6aXbKddNbgZz,405,2,63.44,0,0,0,0,0,0,0,0,0,0,0,0,0,0,0,0,0,0,0,0,0,0,0,0,0
R_3EaRonpJ9uBZjbf,83,2,38.459999999999994,3.2049999999999996,0.16666666666666666,11.102445676516501,0.5773502691896257,38.459999999999994,12.819999999999999,6.409999999999999,2,0.6666666666666666,0.3333333333333333,0,12.819999999999999,0,0,0,0.6666666666666666,0,0,1,0.08333333333333334,0.25,0.5,0.08333333333333333,0.25,0.5
R_1KloshKwV8MUAx4,14,2,237.22,19.768333333333334,0.16666666666666666,68.47951542858151,0.5773502691896257,237.22,79.07333333333334,39.53666666666667,2,0.6666666666666666,0.3333333333333333,0,0,79.07333333333334,0,0,0,0.6666666666666666,0,1,0.08333333333333334,0.25,0.5,0.08333333333333333,0.25,0.5
R_cAMloFKJSOzCpm9,611,1,31.36,0,0,0,0,0,0,0,0,0,0,0,0,0,0,0,0,0,0,0,0,0,0,0,0,0
R_2w5nlHIgm7y2g6p,588,1,59.5,0,0,0,0,0,0,0,0,0,0,0,0,0,0,0,0,0,0,0,0,0,0,0,0,0
R_2z6HVYTxer7XO12,550,1,17.99,0,0,0,0,0,0,0,0,0,0,0,0,0,0,0,0,0,0,0,0,0,0,0,0,0
R_vT4bqUWT5O7RLLr,77,2,126.35,3.26,0.08333333333333333,11.29297126534908,0.28867513459481287,39.12,13.04,6.52,1,0.3333333333333333,0.16666666666666666,0,13.04,0,0,0,0.3333333333333333,0,0,1,0.08333333333333333,0.25,0.5,0.08333333333333333,0.25,0.5
R_21ttkGbeIL6HdlR,135,3,187.51,3.329166666666667,0.08333333333333333,11.532571627062776,0.28867513459481287,39.95,13.316666666666668,6.658333333333334,1,0.3333333333333333,0.16666666666666666,0,13.316666666666668,0,0,0,0.3333333333333333,0,0,1,0.08333333333333334,0.25,0.5,0.08333333333333333,0.25,0.5
R_1gq1l7L7YXNcp13,1231,2,56.97,0,0,0,0,0,0,0,0,0,0,0,0,0,0,0,0,0,0,0,0,0,0,0,0,0
R_1DAmI2BFtglaWhP,126,4,220.92,2.3333333333333335,0.08333333333333333,8.082903768654761,0.28867513459481287,28,9.333333333333334,4.666666666666667,1,0.3333333333333333,0.16666666666666666,0,9.333333333333334,0,0,0,0.3333333333333333,0,0,1,0.08333333333333334,0.25,0.5,0.08333333333333333,0.25,0.5
R_OOOuKdWYnL8wYG5,136,1,15,1.25,0.08333333333333333,4.330127018922194,0.28867513459481287,15,5,2.5,1,0.3333333333333333,0.16666666666666666,0,5,0,0,0,0.3333333333333333,0,0,1,0.08333333333333333,0.25,0.5,0.08333333333333333,0.25,0.5
R_1GIfjocF2dRzyeH,405,1,8.55,0,0,0,0,0,0,0,0,0,0,0,0,0,0,0,0,0,0,0,0,0,0,0,0,0
R_pMnqpu31myYoxy1,103,15,432.75,8.706666666666667,0.3333333333333333,17.65759652816643,0.49236596391733095,59.9,31.46,17.413333333333334,1,1,0.6666666666666666,11.493333333333334,19.966666666666665,3.3666666666666667,0,0.6666666666666666,0.3333333333333333,0.3333333333333333,0,4,0.14535336672231497,0.2767535494808222,0.5,0.3333333333333333,0.3333333333333333,0.5
R_2zSlTKG9lhZH3r9,1276,1,75.32,0,0,0,0,0,0,0,0,0,0,0,0,0,0,0,0,0,0,0,0,0,0,0,0,0
R_Q4bzbtEeez3se3v,259,2,53.94,1.8908333333333334,0.08333333333333333,6.550038803956305,0.28867513459481287,22.69,7.5633333333333335,3.7816666666666667,1,0.3333333333333333,0.16666666666666666,0,0,0,7.5633333333333335,0,0,0,0.3333333333333333,1,0.08333333333333333,0.25,0.5,0.08333333333333333,0.25,0.5
R_5cKAy8wQCzlEwjT,1131,1,64.99,0,0,0,0,0,0,0,0,0,0,0,0,0,0,0,0,0,0,0,0,0,0,0,0,0
R_3papb8tA6MhY9Ga,54,1,19.99,1.6658333333333333,0.08333333333333333,5.770615940550309,0.28867513459481287,19.99,6.663333333333333,3.3316666666666666,1,0.3333333333333333,0.16666666666666666,0,0,6.663333333333333,0,0,0,0.3333333333333333,0,1,0.08333333333333334,0.25,0.5,0.08333333333333333,0.25,0.5
R_1ovuYxa7VKAqqI6,51,3,103.17,8.5975,0.25,24.17783512566078,0.621581560508061,83.17,34.39,17.195,2,1,0.5,0,6.666666666666667,27.723333333333333,0,0,0.3333333333333333,0.6666666666666666,0,2,0.10337261031621979,0.25,0.5,0.125,0.25,0.5
R_2znDusnDkfyOj3m,42,3,316.6,26.383333333333333,0.25,54.53822401571102,0.45226701686664544,170,105.53333333333333,52.766666666666666,1,1,0.5,0,33.333333333333336,56.666666666666664,15.533333333333333,0,0.3333333333333333,0.3333333333333333,0.3333333333333333,3,0.15519607843137254,0.25,0.5,0.25,0.25,0.5
R_1PUcgnVG2i0EBz4,342,2,79.94,1.6658333333333333,0.08333333333333333,5.770615940550309,0.28867513459481287,19.99,6.663333333333333,3.3316666666666666,1,0.3333333333333333,0.16666666666666666,0,0,6.663333333333333,0,0,0,0.3333333333333333,0,1,0.08333333333333334,0.25,0.5,0.08333333333333333,0.25,0.5
R_3KUPxp6T7nvXjXB,430,1,15.63,0,0,0,0,0,0,0,0,0,0,0,0,0,0,0,0,0,0,0,0,0,0,0,0,0
R_9vudhfLDxozbpex,242,2,48.19,2.0158333333333336,0.08333333333333333,6.983051505848524,0.28867513459481287,24.19,8.063333333333334,4.031666666666667,1,0.3333333333333333,0.16666666666666666,8.063333333333334,0,0,0,0.3333333333333333,0,0,0,1,0.08333333333333334,0.25,0.5,0.08333333333333333,0.25,0.5
R_1gLN6X8yWeRB4qo,434,2,74.24000000000001,0,0,0,0,0,0,0,0,0,0,0,0,0,0,0,0,0,0,0,0,0,0,0,0,0
R_1MYWNvd6IFetpta,1048,1,28.99,0,0,0,0,0,0,0,0,0,0,0,0,0,0,0,0,0,0,0,0,0,0,0,0,0
R_Y4Y0rnYYDKTzxM5,115,3,54.5,1.3925,0.16666666666666666,3.263431336938023,0.3892494720807615,8.99,5.57,2.785,1,0.6666666666666666,0.3333333333333333,0,2.9966666666666666,0,2.5733333333333333,0,0.3333333333333333,0,0.3333333333333333,2,0.15489432703003336,0.25,0.5,0.16666666666666666,0.25,0.5
R_3O1ZQiLS4l3O9uu,462,2,102.88,0,0,0,0,0,0,0,0,0,0,0,0,0,0,0,0,0,0,0,0,0,0,0,0,0
R_3Rw3zbPPknpjGh7,1123,2,34.56,0,0,0,0,0,0,0,0,0,0,0,0,0,0,0,0,0,0,0,0,0,0,0,0,0
R_xt1sEBScdPLKPhT,1221,1,48.71,0,0,0,0,0,0,0,0,0,0,0,0,0,0,0,0,0,0,0,0,0,0,0,0,0
R_ag6T2MYYTL2eE1j,1050,2,59.94,0,0,0,0,0,0,0,0,0,0,0,0,0,0,0,0,0,0,0,0,0,0,0,0,0
R_3EsC5YHmiHe5s54,281,1,47.35,3.9458333333333333,0.08333333333333333,13.66876762306439,0.28867513459481287,47.35,15.783333333333333,7.891666666666667,1,0.3333333333333333,0.16666666666666666,0,0,0,15.783333333333333,0,0,0,0.3333333333333333,1,0.08333333333333333,0.25,0.5,0.08333333333333333,0.25,0.5
R_2AXrxS8YlU9cken,736,1,76.88,0,0,0,0,0,0,0,0,0,0,0,0,0,0,0,0,0,0,0,0,0,0,0,0,0
R_2P6HO9T6VGYEUQP,1188,1,29.99,0,0,0,0,0,0,0,0,0,0,0,0,0,0,0,0,0,0,0,0,0,0,0,0,0
R_22XOWVbIo1lxpmy,202,2,56.85,1.08,0.08333333333333333,3.741229744348775,0.28867513459481287,12.96,4.32,2.16,1,0.3333333333333333,0.16666666666666666,4.32,0,0,0,0.3333333333333333,0,0,0,1,0.08333333333333333,0.25,0.5,0.08333333333333333,0.25,0.5
R_SDxHC9YZwYTKedz,90,1,50,4.166666666666667,0.08333333333333333,14.433756729740644,0.28867513459481287,50,16.666666666666668,8.333333333333334,1,0.3333333333333333,0.16666666666666666,0,16.666666666666668,0,0,0,0.3333333333333333,0,0,1,0.08333333333333334,0.25,0.5,0.08333333333333333,0.25,0.5
R_21ntohm9l0O4R0Y,946,1,19.99,0,0,0,0,0,0,0,0,0,0,0,0,0,0,0,0,0,0,0,0,0,0,0,0,0
R_3Pwa112XZRRejbA,1168,1,34.49,0,0,0,0,0,0,0,0,0,0,0,0,0,0,0,0,0,0,0,0,0,0,0,0,0
R_2uCzO2vX6RqKEfv,380,2,159.99,0,0,0,0,0,0,0,0,0,0,0,0,0,0,0,0,0,0,0,0,0,0,0,0,0
R_12mMk3Dq3Oo4HJb,147,4,60.87,5.0725,0.3333333333333333,13.579241594165975,0.8876253645985945,46,20.29,10.145,3,1.3333333333333333,0.6666666666666666,15.333333333333334,4.956666666666666,0,0,1,0.3333333333333333,0,0,2,0.11027173913043478,0.25,0.5,0.1111111111111111,0.25,0.5
R_3JK3aP5uRxffXiy,315,1,29.99,2.4991666666666665,0.08333333333333333,8.657367286498438,0.28867513459481287,29.99,9.996666666666666,4.998333333333333,1,0.3333333333333333,0.16666666666666666,0,0,0,9.996666666666666,0,0,0,0.3333333333333333,1,0.08333333333333333,0.25,0.5,0.08333333333333333,0.25,0.5
R_32WvdLjYpicai6o,689,1,25.85,0,0,0,0,0,0,0,0,0,0,0,0,0,0,0,0,0,0,0,0,0,0,0,0,0
R_2xVNXylGNDbivoc,824,1,16.99,0,0,0,0,0,0,0,0,0,0,0,0,0,0,0,0,0,0,0,0,0,0,0,0,0
R_3DqB7pyNczSugtj,239,1,16,1.3333333333333333,0.08333333333333333,4.618802153517006,0.28867513459481287,16,5.333333333333333,2.6666666666666665,1,0.3333333333333333,0.16666666666666666,5.333333333333333,0,0,0,0.3333333333333333,0,0,0,1,0.08333333333333333,0.25,0.5,0.08333333333333333,0.25,0.5
R_2tfEDXuyNRcQoWs,1161,1,52.95,0,0,0,0,0,0,0,0,0,0,0,0,0,0,0,0,0,0,0,0,0,0,0,0,0
R_4YffpNflRodsWJ3,731,1,9.56,0,0,0,0,0,0,0,0,0,0,0,0,0,0,0,0,0,0,0,0,0,0,0,0,0
R_7WCRjBdp3UTHVSN,12,2,71.96,5.996666666666666,0.16666666666666666,14.768396437438064,0.3892494720807615,46.97,23.986666666666665,11.993333333333332,1,0.6666666666666666,0.3333333333333333,15.656666666666666,0,8.33,0,0.3333333333333333,0,0.3333333333333333,0,2,0.12767014406358668,0.25,0.5,0.16666666666666666,0.25,0.5
R_24csoaO569P4Yzz,37,9,212.56,1.8308333333333333,0.08333333333333333,6.342192707048039,0.28867513459481287,21.97,7.323333333333333,3.6616666666666666,1,0.3333333333333333,0.16666666666666666,0,0,7.323333333333333,0,0,0,0.3333333333333333,0,1,0.08333333333333334,0.25,0.5,0.08333333333333333,0.25,0.5
R_2ZU2290oXuLzisq,932,1,19.99,0,0,0,0,0,0,0,0,0,0,0,0,0,0,0,0,0,0,0,0,0,0,0,0,0
R_2TL7w44l8M5vEok,565,3,65.6,0,0,0,0,0,0,0,0,0,0,0,0,0,0,0,0,0,0,0,0,0,0,0,0,0
R_2DMmbUvmU2O3lTZ,94,1,23,1.9166666666666667,0.08333333333333333,6.639528095680697,0.28867513459481287,23,7.666666666666667,3.8333333333333335,1,0.3333333333333333,0.16666666666666666,0,7.666666666666667,0,0,0,0.3333333333333333,0,0,1,0.08333333333333334,0.25,0.5,0.08333333333333333,0.25,0.5
R_27ydwfqncX77Mnd,506,1,15.52,0,0,0,0,0,0,0,0,0,0,0,0,0,0,0,0,0,0,0,0,0,0,0,0,0
R_1IWt7J1H7X5j4eL,558,1,17.49,0,0,0,0,0,0,0,0,0,0,0,0,0,0,0,0,0,0,0,0,0,0,0,0,0
R_Xt4H8BJ1Vx7ws8h,135,1,49.96,4.163333333333333,0.08333333333333333,14.422209724356852,0.28867513459481287,49.96,16.653333333333332,8.326666666666666,1,0.3333333333333333,0.16666666666666666,0,16.653333333333332,0,0,0,0.3333333333333333,0,0,1,0.08333333333333333,0.25,0.5,0.08333333333333333,0.25,0.5
R_27lBy3G8YEF0qXq,482,1,42,0,0,0,0,0,0,0,0,0,0,0,0,0,0,0,0,0,0,0,0,0,0,0,0,0
R_28IDNbS8mqpfyKD,56,2,62.84,3.7475,0.08333333333333333,12.981720802728734,0.28867513459481287,44.97,14.99,7.495,1,0.3333333333333333,0.16666666666666666,0,0,14.99,0,0,0,0.3333333333333333,0,1,0.08333333333333334,0.25,0.5,0.08333333333333333,0.25,0.5
R_3MJrG4eo3Iyv7S6,292,3,137.02,9.835833333333333,0.16666666666666666,23.446801471467793,0.3892494720807615,70.03,39.343333333333334,19.671666666666667,1,0.6666666666666666,0.3333333333333333,0,0,0,39.343333333333334,0,0,0,0.6666666666666666,2,0.14045171117140273,0.25,0.5,0.16666666666666666,0.25,0.5
R_31ZxYxyOSie94bK,1266,2,34.61,0,0,0,0,0,0,0,0,0,0,0,0,0,0,0,0,0,0,0,0,0,0,0,0,0
R_1JJX4KoHykdcLcI,135,1,43.97,3.6641666666666666,0.08333333333333333,12.693045668133923,0.28867513459481287,43.97,14.656666666666666,7.328333333333333,1,0.3333333333333333,0.16666666666666666,0,14.656666666666666,0,0,0,0.3333333333333333,0,0,1,0.08333333333333333,0.25,0.5,0.08333333333333333,0.25,0.5
R_3k85Clfjw382OSO,1107,1,64.99,0,0,0,0,0,0,0,0,0,0,0,0,0,0,0,0,0,0,0,0,0,0,0,0,0
R_O9FzIlCvCxllJSN,838,3,62.2,0,0,0,0,0,0,0,0,0,0,0,0,0,0,0,0,0,0,0,0,0,0,0,0,0
R_0dgKWjG8E9DtkfD,51,1,16,1.3333333333333333,0.08333333333333333,4.618802153517006,0.28867513459481287,16,5.333333333333333,2.6666666666666665,1,0.3333333333333333,0.16666666666666666,0,0,5.333333333333333,0,0,0,0.3333333333333333,0,1,0.08333333333333333,0.25,0.5,0.08333333333333333,0.25,0.5
R_qxTrp3qz2YCQAnv,532,1,25,0,0,0,0,0,0,0,0,0,0,0,0,0,0,0,0,0,0,0,0,0,0,0,0,0
R_SNUZbqGQUi0m9yh,866,2,39.68,0,0,0,0,0,0,0,0,0,0,0,0,0,0,0,0,0,0,0,0,0,0,0,0,0
R_2f7MFUqYnEv92pF,77,1,64.95,5.4125000000000005,0.08333333333333333,18.749449991933098,0.28867513459481287,64.95,21.650000000000002,10.825000000000001,1,0.3333333333333333,0.16666666666666666,0,21.650000000000002,0,0,0,0.3333333333333333,0,0,1,0.08333333333333334,0.25,0.5,0.08333333333333333,0.25,0.5
R_7QmyMWZwMl9q2KR,637,1,44.52,0,0,0,0,0,0,0,0,0,0,0,0,0,0,0,0,0,0,0,0,0,0,0,0,0
R_3qTFp0FJqUeMhVZ,106,1,20.46,1.705,0.08333333333333333,5.906293253809872,0.28867513459481287,20.46,6.82,3.41,1,0.3333333333333333,0.16666666666666666,0,6.82,0,0,0,0.3333333333333333,0,0,1,0.08333333333333333,0.25,0.5,0.08333333333333333,0.25,0.5
R_1roTOelTygZr5G8,679,1,30,0,0,0,0,0,0,0,0,0,0,0,0,0,0,0,0,0,0,0,0,0,0,0,0,0
R_1ClqO4ZMDuwGjfl,76,3,93.94999999999999,3.7891666666666666,0.08333333333333333,13.126058370026142,0.28867513459481287,45.47,15.156666666666666,7.578333333333333,1,0.3333333333333333,0.16666666666666666,0,15.156666666666666,0,0,0,0.3333333333333333,0,0,1,0.08333333333333333,0.25,0.5,0.08333333333333333,0.25,0.5
R_1Duw20LaOXMnKSN,699,1,25,0,0,0,0,0,0,0,0,0,0,0,0,0,0,0,0,0,0,0,0,0,0,0,0,0
R_2awplSTVkAfH3Gp,1012,1,17.99,0,0,0,0,0,0,0,0,0,0,0,0,0,0,0,0,0,0,0,0,0,0,0,0,0
R_UVM6YBvaArzpRjb,894,1,53.99,0,0,0,0,0,0,0,0,0,0,0,0,0,0,0,0,0,0,0,0,0,0,0,0,0
R_1dc3X6XrF0clV3s,15,2,120.84,10.07,0.16666666666666666,34.88350326443719,0.5773502691896257,120.84,40.28,20.14,2,0.6666666666666666,0.3333333333333333,0,0,40.28,0,0,0,0.6666666666666666,0,1,0.08333333333333333,0.25,0.5,0.08333333333333333,0.25,0.5
R_3D624pTJqKkE6ko,586,1,18.75,0,0,0,0,0,0,0,0,0,0,0,0,0,0,0,0,0,0,0,0,0,0,0,0,0
R_22nsUyYCxtQPQIk,759,1,49.4,0,0,0,0,0,0,0,0,0,0,0,0,0,0,0,0,0,0,0,0,0,0,0,0,0
R_2ccGCp4V670rxQy,52,1,58.08,4.84,0.08333333333333333,16.76625181726673,0.28867513459481287,58.08,19.36,9.68,1,0.3333333333333333,0.16666666666666666,0,0,19.36,0,0,0,0.3333333333333333,0,1,0.08333333333333333,0.25,0.5,0.08333333333333333,0.25,0.5
R_2ygdFv2BO8JcFgT,242,3,71.43,1.2725,0.08333333333333333,4.408069305262793,0.28867513459481287,15.27,5.09,2.545,1,0.3333333333333333,0.16666666666666666,5.09,0,0,0,0.3333333333333333,0,0,0,1,0.08333333333333333,0.25,0.5,0.08333333333333333,0.25,0.5
R_3EfGwTEabmoSRVI,325,1,49.97,4.164166666666667,0.08333333333333333,14.4250964757028,0.28867513459481287,49.97,16.656666666666666,8.328333333333333,1,0.3333333333333333,0.16666666666666666,0,0,0,16.656666666666666,0,0,0,0.3333333333333333,1,0.08333333333333333,0.25,0.5,0.08333333333333333,0.25,0.5
R_rcId0AtM417vPGN,738,2,113.95,0,0,0,0,0,0,0,0,0,0,0,0,0,0,0,0,0,0,0,0,0,0,0,0,0
R_3JgTD4MtLbi3fNJ,453,2,56,0,0,0,0,0,0,0,0,0,0,0,0,0,0,0,0,0,0,0,0,0,0,0,0,0
R_3ISSnemD96u33dk,338,1,10.5,0.875,0.08333333333333333,3.031088913245535,0.28867513459481287,10.5,3.5,1.75,1,0.3333333333333333,0.16666666666666666,0,0,3.5,0,0,0,0.3333333333333333,0,1,0.08333333333333333,0.25,0.5,0.08333333333333333,0.25,0.5
R_pmG3rFtBsPNFHc5,1231,1,39.98,0,0,0,0,0,0,0,0,0,0,0,0,0,0,0,0,0,0,0,0,0,0,0,0,0
R_271gbx8Pps8AMbt,1139,2,118.12,0,0,0,0,0,0,0,0,0,0,0,0,0,0,0,0,0,0,0,0,0,0,0,0,0
R_2RQZEfADuF3JHjR,1319,1,109.95,0,0,0,0,0,0,0,0,0,0,0,0,0,0,0,0,0,0,0,0,0,0,0,0,0
R_2c6eurXv5jRvtuT,89,1,10.5,0.875,0.08333333333333333,3.031088913245535,0.28867513459481287,10.5,3.5,1.75,1,0.3333333333333333,0.16666666666666666,0,3.5,0,0,0,0.3333333333333333,0,0,1,0.08333333333333333,0.25,0.5,0.08333333333333333,0.25,0.5
R_2rSlWwRdKgTzU13,634,4,60.84,0,0,0,0,0,0,0,0,0,0,0,0,0,0,0,0,0,0,0,0,0,0,0,0,0
R_1jqfjkbFjznk23R,552,1,60.86,0,0,0,0,0,0,0,0,0,0,0,0,0,0,0,0,0,0,0,0,0,0,0,0,0
R_3Kv8PUwM5KE3ZA2,1243,1,27.9,0,0,0,0,0,0,0,0,0,0,0,0,0,0,0,0,0,0,0,0,0,0,0,0,0
R_UEke64xAaOG3mTf,732,1,30.26,0,0,0,0,0,0,0,0,0,0,0,0,0,0,0,0,0,0,0,0,0,0,0,0,0
R_3im9Cg30Oip8HJG,516,4,91.94,0,0,0,0,0,0,0,0,0,0,0,0,0,0,0,0,0,0,0,0,0,0,0,0,0
R_3NFfURTsheBe5et,142,8,271.21999999999997,11.774166666666666,0.4166666666666667,26.968631764374404,0.90033663737852,90.19999999999999,47.096666666666664,23.548333333333332,3,1.6666666666666667,0.8333333333333334,4.996666666666667,12.033333333333333,30.066666666666663,0,0.3333333333333333,0.3333333333333333,1,0,3,0.13053399852180342,0.25,0.5,0.1388888888888889,0.25,0.5
R_3JqPfcG88XblHuE,826,1,49.99,0,0,0,0,0,0,0,0,0,0,0,0,0,0,0,0,0,0,0,0,0,0,0,0,0
R_25HMSJi9OsBKgjX,133,3,95.2,2.1866666666666665,0.08333333333333333,7.5748355317678895,0.28867513459481287,26.24,8.746666666666666,4.373333333333333,1,0.3333333333333333,0.16666666666666666,0,8.746666666666666,0,0,0,0.3333333333333333,0,0,1,0.08333333333333333,0.25,0.5,0.08333333333333333,0.25,0.5
R_yRaAO89bhwJb9xD,1218,3,54.55,0,0,0,0,0,0,0,0,0,0,0,0,0,0,0,0,0,0,0,0,0,0,0,0,0
R_5uabKnJBMc7HyEN,132,2,53.49,4.4575000000000005,0.16666666666666666,11.843749502278714,0.3892494720807615,39.99,17.830000000000002,8.915000000000001,1,0.6666666666666666,0.3333333333333333,4.5,13.33,0,0,0.3333333333333333,0.3333333333333333,0,0,2,0.11146536634158541,0.25,0.5,0.16666666666666666,0.25,0.5
R_3HgZOjGq4Ny969k,662,1,18,0,0,0,0,0,0,0,0,0,0,0,0,0,0,0,0,0,0,0,0,0,0,0,0,0
R_abKuATLfANudhTj,49,6,122.92,5.579166666666667,0.16666666666666666,13.319422904733957,0.3892494720807615,39.95,22.316666666666666,11.158333333333333,1,0.6666666666666666,0.3333333333333333,0,0,13.316666666666668,9,0,0,0.3333333333333333,0.3333333333333333,2,0.1396537338339591,0.25,0.5,0.16666666666666666,0.25,0.5
R_3Hjj9FarH3Iga6k,504,1,47,0,0,0,0,0,0,0,0,0,0,0,0,0,0,0,0,0,0,0,0,0,0,0,0,0
R_r8bknLPESgdVNG9,284,3,64.98,1.8333333333333333,0.08333333333333333,6.3508529610858835,0.28867513459481287,22,7.333333333333333,3.6666666666666665,1,0.3333333333333333,0.16666666666666666,0,0,0,7.333333333333333,0,0,0,0.3333333333333333,1,0.08333333333333333,0.25,0.5,0.08333333333333333,0.25,0.5
R_2VxLpaBYauMk3iU,247,2,38.99,3.2491666666666665,0.16666666666666666,7.827777413955014,0.3892494720807615,24,12.996666666666666,6.498333333333333,1,0.6666666666666666,0.3333333333333333,0,0,0,12.996666666666666,0,0,0,0.6666666666666666,2,0.13538194444444443,0.25,0.5,0.16666666666666666,0.25,0.5
R_3n0OjYgGHf96Wuh,684,3,171.55,0,0,0,0,0,0,0,0,0,0,0,0,0,0,0,0,0,0,0,0,0,0,0,0,0
R_1mf98AYyqqPtPn7,573,1,58,0,0,0,0,0,0,0,0,0,0,0,0,0,0,0,0,0,0,0,0,0,0,0,0,0
R_2DUObZm4n9gj106,212,1,33.35,2.779166666666667,0.08333333333333333,9.62731573873701,0.28867513459481287,33.35,11.116666666666667,5.558333333333334,1,0.3333333333333333,0.16666666666666666,11.116666666666667,0,0,0,0.3333333333333333,0,0,0,1,0.08333333333333333,0.25,0.5,0.08333333333333333,0.25,0.5
R_8xg4H4866B3fAKR,606,1,49.61,0,0,0,0,0,0,0,0,0,0,0,0,0,0,0,0,0,0,0,0,0,0,0,0,0
R_xlWfGIx58Ye7BhD,555,3,94.1,0,0,0,0,0,0,0,0,0,0,0,0,0,0,0,0,0,0,0,0,0,0,0,0,0
R_2WG22kKQqVhH86R,75,2,41.59,3.4658333333333333,0.16666666666666666,8.995878307044372,0.3892494720807615,30,13.863333333333333,6.931666666666667,1,0.6666666666666666,0.3333333333333333,10,3.8633333333333333,0,0,0.3333333333333333,0.3333333333333333,0,0,2,0.11552777777777777,0.25,0.5,0.16666666666666666,0.25,0.5
R_21yP1ZuMSzzaKJh,138,1,50.29,4.190833333333333,0.08333333333333333,14.51747251877314,0.28867513459481287,50.29,16.763333333333332,8.381666666666666,1,0.3333333333333333,0.16666666666666666,0,16.763333333333332,0,0,0,0.3333333333333333,0,0,1,0.08333333333333333,0.25,0.5,0.08333333333333333,0.25,0.5
R_1hM9pt4qllIzGbl,1195,1,62.41,0,0,0,0,0,0,0,0,0,0,0,0,0,0,0,0,0,0,0,0,0,0,0,0,0
R_6lN81T97jE0mRWh,990,1,14.88,0,0,0,0,0,0,0,0,0,0,0,0,0,0,0,0,0,0,0,0,0,0,0,0,0
R_27EkAmfedK6OHpp,207,1,79.62,6.635000000000001,0.08333333333333333,22.984314216439003,0.28867513459481287,79.62,26.540000000000003,13.270000000000001,1,0.3333333333333333,0.16666666666666666,26.540000000000003,0,0,0,0.3333333333333333,0,0,0,1,0.08333333333333334,0.25,0.5,0.08333333333333333,0.25,0.5
R_3iLuj9X88TO5lBI,202,5,200.88,5.825,0.16666666666666666,20.17839190817742,0.5773502691896257,69.9,23.3,11.65,2,0.6666666666666666,0.3333333333333333,23.3,0,0,0,0.6666666666666666,0,0,0,1,0.08333333333333333,0.25,0.5,0.08333333333333333,0.25,0.5
R_3L89g4OAN8obu49,344,1,68.38,5.698333333333333,0.08333333333333333,19.739605703593305,0.28867513459481287,68.38,22.793333333333333,11.396666666666667,1,0.3333333333333333,0.16666666666666666,0,0,22.793333333333333,0,0,0,0.3333333333333333,0,1,0.08333333333333334,0.25,0.5,0.08333333333333333,0.25,0.5
R_3I5nChwlGKbzV2A,687,1,34.99,0,0,0,0,0,0,0,0,0,0,0,0,0,0,0,0,0,0,0,0,0,0,0,0,0
R_2EgloEvdjU98Rhc,40,8,209.83,17.485833333333332,0.6666666666666666,34.9007086300377,1.2309149097933274,109.87,69.94333333333333,34.971666666666664,3,2.6666666666666665,1.3333333333333333,0,16.533333333333335,53.410000000000004,0,0,1,1.6666666666666667,0,3,0.15915020782136463,0.25,0.5,0.2222222222222222,0.25,0.5
R_1Cd5zmz07X5BqKa,1390,1,63.04,0,0,0,0,0,0,0,0,0,0,0,0,0,0,0,0,0,0,0,0,0,0,0,0,0
R_28MUrxegboyIHhY,942,2,150.7,0,0,0,0,0,0,0,0,0,0,0,0,0,0,0,0,0,0,0,0,0,0,0,0,0
R_3OTpmi8zOmmFI65,1218,1,67,0,0,0,0,0,0,0,0,0,0,0,0,0,0,0,0,0,0,0,0,0,0,0,0,0
R_3GiFHVWzYKHT1F5,30,1,15.75,1.3125,0.08333333333333333,4.546633369868303,0.28867513459481287,15.75,5.25,2.625,1,0.3333333333333333,0.16666666666666666,0,0,5.25,0,0,0,0.3333333333333333,0,1,0.08333333333333333,0.25,0.5,0.08333333333333333,0.25,0.5
R_3Ge2RzIsoM2g5lL,70,1,44.52,3.7100000000000004,0.08333333333333333,12.851816992161071,0.28867513459481287,44.52,14.840000000000002,7.420000000000001,1,0.3333333333333333,0.16666666666666666,0,14.840000000000002,0,0,0,0.3333333333333333,0,0,1,0.08333333333333334,0.25,0.5,0.08333333333333333,0.25,0.5
R_10wSqGFumZGSTmH,1233,4,89.17,0,0,0,0,0,0,0,0,0,0,0,0,0,0,0,0,0,0,0,0,0,0,0,0,0
R_1nSZ41dwhExEHOB,1034,1,60.83,0,0,0,0,0,0,0,0,0,0,0,0,0,0,0,0,0,0,0,0,0,0,0,0,0
R_YS4MPsfM1Neg0RH,33,1,23,1.9166666666666667,0.08333333333333333,6.639528095680697,0.28867513459481287,23,7.666666666666667,3.8333333333333335,1,0.3333333333333333,0.16666666666666666,0,0,7.666666666666667,0,0,0,0.3333333333333333,0,1,0.08333333333333334,0.25,0.5,0.08333333333333333,0.25,0.5
R_2tfHzrdo6EEaiWi,48,2,39.96,1.6666666666666667,0.08333333333333333,5.773502691896258,0.28867513459481287,20,6.666666666666667,3.3333333333333335,1,0.3333333333333333,0.16666666666666666,0,0,6.666666666666667,0,0,0,0.3333333333333333,0,1,0.08333333333333334,0.25,0.5,0.08333333333333333,0.25,0.5
R_1LFEtkSrCa4Ri46,489,1,15,0,0,0,0,0,0,0,0,0,0,0,0,0,0,0,0,0,0,0,0,0,0,0,0,0
R_3IPI3HQKPpZiAuc,79,1,126,10.5,0.08333333333333333,36.373066958946424,0.28867513459481287,126,42,21,1,0.3333333333333333,0.16666666666666666,0,42,0,0,0,0.3333333333333333,0,0,1,0.08333333333333333,0.25,0.5,0.08333333333333333,0.25,0.5
R_1CrP2yfBldcblJm,357,3,83.69,2.0833333333333335,0.08333333333333333,7.216878364870322,0.28867513459481287,25,8.333333333333334,4.166666666666667,1,0.3333333333333333,0.16666666666666666,0,0,8.333333333333334,0,0,0,0.3333333333333333,0,1,0.08333333333333334,0.25,0.5,0.08333333333333333,0.25,0.5
R_3ew6vwG8hpJavUw,158,1,44.15,3.6791666666666667,0.08333333333333333,12.745007192360989,0.28867513459481287,44.15,14.716666666666667,7.358333333333333,1,0.3333333333333333,0.16666666666666666,14.716666666666667,0,0,0,0.3333333333333333,0,0,0,1,0.08333333333333334,0.25,0.5,0.08333333333333333,0.25,0.5
R_3qPt2VOIZdr6Kio,522,2,62.31,0,0,0,0,0,0,0,0,0,0,0,0,0,0,0,0,0,0,0,0,0,0,0,0,0
R_1kYuVPgjXmEfSf8,448,1,64.98,0,0,0,0,0,0,0,0,0,0,0,0,0,0,0,0,0,0,0,0,0,0,0,0,0
R_2c1UYDhiZ7kSQwD,8,2,57.98,3.3316666666666666,0.08333333333333333,11.541231881100618,0.28867513459481287,39.98,13.326666666666666,6.663333333333333,1,0.3333333333333333,0.16666666666666666,0,0,13.326666666666666,0,0,0,0.3333333333333333,0,1,0.08333333333333334,0.25,0.5,0.08333333333333333,0.25,0.5
R_25NqDDo75C1LLvz,132,1,15,1.25,0.08333333333333333,4.330127018922194,0.28867513459481287,15,5,2.5,1,0.3333333333333333,0.16666666666666666,0,5,0,0,0,0.3333333333333333,0,0,1,0.08333333333333333,0.25,0.5,0.08333333333333333,0.25,0.5
R_29ntYmnUVN4BYq5,636,1,62.06,0,0,0,0,0,0,0,0,0,0,0,0,0,0,0,0,0,0,0,0,0,0,0,0,0
R_3KpaTa6zCZitiZG,19,4,106.97,2.5825,0.16666666666666666,6.035112599687689,0.3892494720807615,15.99,10.33,5.165,1,0.6666666666666666,0.3333333333333333,0,0,10.33,0,0,0,0.6666666666666666,0,2,0.16150719199499688,0.25,0.5,0.16666666666666666,0.25,0.5
R_23ZwAcyeCLyHKAW,446,13,329.64,0,0,0,0,0,0,0,0,0,0,0,0,0,0,0,0,0,0,0,0,0,0,0,0,0
R_1n7TASZb65IwVOI,1058,1,22.85,0,0,0,0,0,0,0,0,0,0,0,0,0,0,0,0,0,0,0,0,0,0,0,0,0
R_10rsQ6SV3iE7hfu,854,1,17.99,0,0,0,0,0,0,0,0,0,0,0,0,0,0,0,0,0,0,0,0,0,0,0,0,0
R_3IaGUIs83jpQZU4,693,1,32.17,0,0,0,0,0,0,0,0,0,0,0,0,0,0,0,0,0,0,0,0,0,0,0,0,0
R_123DkZcbvVjnbzX,318,1,37.5,3.125,0.08333333333333333,10.825317547305483,0.28867513459481287,37.5,12.5,6.25,1,0.3333333333333333,0.16666666666666666,0,0,0,12.5,0,0,0,0.3333333333333333,1,0.08333333333333333,0.25,0.5,0.08333333333333333,0.25,0.5
R_1KmbYBZQ4ogvucS,686,2,93.62,0,0,0,0,0,0,0,0,0,0,0,0,0,0,0,0,0,0,0,0,0,0,0,0,0
R_3fpfYvwlwFhJscl,189,1,34,2.8333333333333335,0.08333333333333333,9.814954576223638,0.28867513459481287,34,11.333333333333334,5.666666666666667,1,0.3333333333333333,0.16666666666666666,11.333333333333334,0,0,0,0.3333333333333333,0,0,0,1,0.08333333333333334,0.25,0.5,0.08333333333333333,0.25,0.5
R_r1oTDkv1OlGnNuN,45,10,368.96,10.573333333333334,0.25,19.67809780779975,0.45226701686664544,53.24,42.29333333333334,21.14666666666667,1,1,0.5,14.023333333333333,0,17.746666666666666,10.523333333333333,0.3333333333333333,0,0.3333333333333333,0.3333333333333333,3,0.19859754570498372,0.25,0.5,0.25,0.25,0.5
R_bJbNhR1I5NnLKb7,140,1,15,1.25,0.08333333333333333,4.330127018922194,0.28867513459481287,15,5,2.5,1,0.3333333333333333,0.16666666666666666,0,5,0,0,0,0.3333333333333333,0,0,1,0.08333333333333333,0.25,0.5,0.08333333333333333,0.25,0.5
R_R4goEYhjG8ibKsV,147,1,30.4,2.533333333333333,0.08333333333333333,8.77572409168231,0.28867513459481287,30.4,10.133333333333333,5.066666666666666,1,0.3333333333333333,0.16666666666666666,0,10.133333333333333,0,0,0,0.3333333333333333,0,0,1,0.08333333333333333,0.25,0.5,0.08333333333333333,0.25,0.5
R_Za6NwCg735Vw39n,777,1,34,0,0,0,0,0,0,0,0,0,0,0,0,0,0,0,0,0,0,0,0,0,0,0,0,0
R_2a8rpLIyhmxoRdv,1218,1,14.99,0,0,0,0,0,0,0,0,0,0,0,0,0,0,0,0,0,0,0,0,0,0,0,0,0
R_3lMqHBzl2gFmIku,313,1,49.99,4.1658333333333335,0.08333333333333333,14.430869978394696,0.28867513459481287,49.99,16.663333333333334,8.331666666666667,1,0.3333333333333333,0.16666666666666666,0,0,0,16.663333333333334,0,0,0,0.3333333333333333,1,0.08333333333333333,0.25,0.5,0.08333333333333333,0.25,0.5
R_325B8uB2XOflUvO,505,1,23.14,0,0,0,0,0,0,0,0,0,0,0,0,0,0,0,0,0,0,0,0,0,0,0,0,0
R_tXHOaasrDjYwLO9,795,1,76.17,0,0,0,0,0,0,0,0,0,0,0,0,0,0,0,0,0,0,0,0,0,0,0,0,0
R_2AWPIO2mAHQfarO,444,2,59.42,0,0,0,0,0,0,0,0,0,0,0,0,0,0,0,0,0,0,0,0,0,0,0,0,0
R_2YFY1hXcHTcmRtH,753,1,16.5,0,0,0,0,0,0,0,0,0,0,0,0,0,0,0,0,0,0,0,0,0,0,0,0,0
R_2CVcd0LWcIXgOOf,98,1,15,1.25,0.08333333333333333,4.330127018922194,0.28867513459481287,15,5,2.5,1,0.3333333333333333,0.16666666666666666,0,5,0,0,0,0.3333333333333333,0,0,1,0.08333333333333333,0.25,0.5,0.08333333333333333,0.25,0.5
R_2uyQHwENySBamVs,553,1,64.94,0,0,0,0,0,0,0,0,0,0,0,0,0,0,0,0,0,0,0,0,0,0,0,0,0
R_s6BUJFPzFF8fk2d,209,1,69.98,5.831666666666667,0.08333333333333333,20.201485918945007,0.28867513459481287,69.98,23.326666666666668,11.663333333333334,1,0.3333333333333333,0.16666666666666666,23.326666666666668,0,0,0,0.3333333333333333,0,0,0,1,0.08333333333333333,0.25,0.5,0.08333333333333333,0.25,0.5
R_2yplkUxhAWZaFUL,822,1,18,0,0,0,0,0,0,0,0,0,0,0,0,0,0,0,0,0,0,0,0,0,0,0,0,0
R_3nIaYDeClQRJTAk,749,1,64.95,0,0,0,0,0,0,0,0,0,0,0,0,0,0,0,0,0,0,0,0,0,0,0,0,0
R_22YsYorxl1ol9UE,166,5,144.95,2.3925,0.08333333333333333,8.287863114217078,0.28867513459481287,28.71,9.57,4.785,1,0.3333333333333333,0.16666666666666666,9.57,0,0,0,0.3333333333333333,0,0,0,1,0.08333333333333333,0.25,0.5,0.08333333333333333,0.25,0.5
R_5tqaZiTOhDvSZRn,283,2,22.990000000000002,1.0833333333333333,0.08333333333333333,3.7527767497325675,0.28867513459481287,13,4.333333333333333,2.1666666666666665,1,0.3333333333333333,0.16666666666666666,0,0,0,4.333333333333333,0,0,0,0.3333333333333333,1,0.08333333333333333,0.25,0.5,0.08333333333333333,0.25,0.5
R_1hEWpYpOtz5HjLJ,125,3,72.26,6.0216666666666665,0.25,11.222100624403723,0.45226701686664544,31.05,24.086666666666666,12.043333333333333,1,1,0.5,6.236666666666667,10.35,0,7.5,0.3333333333333333,0.3333333333333333,0,0.3333333333333333,3,0.19393451422436928,0.25,0.5,0.25,0.25,0.5
R_OQeye2UKl8Th6dr,815,1,25.97,0,0,0,0,0,0,0,0,0,0,0,0,0,0,0,0,0,0,0,0,0,0,0,0,0
R_Zn1yhaZTqrBfDmp,483,3,67.50999999999999,0,0,0,0,0,0,0,0,0,0,0,0,0,0,0,0,0,0,0,0,0,0,0,0,0
R_3rV7kPHe9hVsMee,321,1,21.73,1.8108333333333333,0.08333333333333333,6.272910674745284,0.28867513459481287,21.73,7.243333333333333,3.6216666666666666,1,0.3333333333333333,0.16666666666666666,0,0,0,7.243333333333333,0,0,0,0.3333333333333333,1,0.08333333333333333,0.25,0.5,0.08333333333333333,0.25,0.5
R_3lXswIAy7Qq6UEZ,881,1,12,0,0,0,0,0,0,0,0,0,0,0,0,0,0,0,0,0,0,0,0,0,0,0,0,0
R_2YVQQRVSdj7M8Va,92,3,62,2.3333333333333335,0.16666666666666666,5.449492609130661,0.3892494720807615,14,9.333333333333334,4.666666666666667,1,0.6666666666666666,0.3333333333333333,0,4.666666666666667,0,4.666666666666667,0,0.3333333333333333,0,0.3333333333333333,2,0.16666666666666669,0.25,0.5,0.16666666666666666,0.25,0.5
R_31n2MLk9w05iLzN,992,1,15.19,0,0,0,0,0,0,0,0,0,0,0,0,0,0,0,0,0,0,0,0,0,0,0,0,0
R_vIAsy23dmSRObGF,334,1,18.75,1.5625,0.08333333333333333,5.412658773652741,0.28867513459481287,18.75,6.25,3.125,1,0.3333333333333333,0.16666666666666666,0,0,0,6.25,0,0,0,0.3333333333333333,1,0.08333333333333333,0.25,0.5,0.08333333333333333,0.25,0.5
R_3e82J7pYxj5XP7j,260,4,92.96,2.2491666666666665,0.08333333333333333,7.791341882713999,0.28867513459481287,26.99,8.996666666666666,4.498333333333333,1,0.3333333333333333,0.16666666666666666,0,0,0,8.996666666666666,0,0,0,0.3333333333333333,1,0.08333333333333333,0.25,0.5,0.08333333333333333,0.25,0.5
R_1jImmHuCDaof0wB,491,1,18.71,0,0,0,0,0,0,0,0,0,0,0,0,0,0,0,0,0,0,0,0,0,0,0,0,0
R_bIXnQr8Fm57EAGR,595,1,71.88,0,0,0,0,0,0,0,0,0,0,0,0,0,0,0,0,0,0,0,0,0,0,0,0,0
R_3dMxsHfafDTHD6U,321,1,17.98,1.4983333333333333,0.08333333333333333,5.1903789200147354,0.28867513459481287,17.98,5.993333333333333,2.9966666666666666,1,0.3333333333333333,0.16666666666666666,0,0,0,5.993333333333333,0,0,0,0.3333333333333333,1,0.08333333333333333,0.25,0.5,0.08333333333333333,0.25,0.5
R_1gOpQc11VMx5hm4,422,4,144.95999999999998,0,0,0,0,0,0,0,0,0,0,0,0,0,0,0,0,0,0,0,0,0,0,0,0,0
R_pLf43RXMb10hDUZ,382,1,48.5,0,0,0,0,0,0,0,0,0,0,0,0,0,0,0,0,0,0,0,0,0,0,0,0,0
R_2DXPyU9bPnWuZPM,917,1,25.96,0,0,0,0,0,0,0,0,0,0,0,0,0,0,0,0,0,0,0,0,0,0,0,0,0
R_2D0l8Hq0cs2tG0W,35,1,20,1.6666666666666667,0.08333333333333333,5.773502691896258,0.28867513459481287,20,6.666666666666667,3.3333333333333335,1,0.3333333333333333,0.16666666666666666,0,0,6.666666666666667,0,0,0,0.3333333333333333,0,1,0.08333333333333334,0.25,0.5,0.08333333333333333,0.25,0.5
R_2sbf0hqTGFb880u,533,2,32.95,0,0,0,0,0,0,0,0,0,0,0,0,0,0,0,0,0,0,0,0,0,0,0,0,0
R_vAGftqzqNDEXWLL,990,1,87.75,0,0,0,0,0,0,0,0,0,0,0,0,0,0,0,0,0,0,0,0,0,0,0,0,0
R_vryccTLqI8iuA37,1166,2,98.83000000000001,0,0,0,0,0,0,0,0,0,0,0,0,0,0,0,0,0,0,0,0,0,0,0,0,0
R_1GHRqNeLfZhykV2,57,3,69.86,2.305,0.08333333333333333,7.984754222892525,0.28867513459481287,27.66,9.22,4.61,1,0.3333333333333333,0.16666666666666666,0,0,9.22,0,0,0,0.3333333333333333,0,1,0.08333333333333334,0.25,0.5,0.08333333333333333,0.25,0.5
R_2P0PDu9g2eap2XE,1218,1,15.99,0,0,0,0,0,0,0,0,0,0,0,0,0,0,0,0,0,0,0,0,0,0,0,0,0
R_325wPQDFbzpv3zZ,1297,1,19.99,0,0,0,0,0,0,0,0,0,0,0,0,0,0,0,0,0,0,0,0,0,0,0,0,0
R_OxNH1wcmFs7pICR,196,1,19.24,1.6033333333333333,0.08333333333333333,5.5541095896042,0.28867513459481287,19.24,6.413333333333333,3.2066666666666666,1,0.3333333333333333,0.16666666666666666,6.413333333333333,0,0,0,0.3333333333333333,0,0,0,1,0.08333333333333334,0.25,0.5,0.08333333333333333,0.25,0.5
R_3Dbw2bzDMkmC4Kt,413,1,23.98,0,0,0,0,0,0,0,0,0,0,0,0,0,0,0,0,0,0,0,0,0,0,0,0,0
R_3EbttwlSceKvWpl,128,1,55.86,4.655,0.08333333333333333,16.125393018466248,0.28867513459481287,55.86,18.62,9.31,1,0.3333333333333333,0.16666666666666666,0,18.62,0,0,0,0.3333333333333333,0,0,1,0.08333333333333334,0.25,0.5,0.08333333333333333,0.25,0.5
R_2YgMqdVXQ7ap4v8,639,4,230.69,0,0,0,0,0,0,0,0,0,0,0,0,0,0,0,0,0,0,0,0,0,0,0,0,0
R_YYrJhkIJO9hdbAl,472,1,83.19,0,0,0,0,0,0,0,0,0,0,0,0,0,0,0,0,0,0,0,0,0,0,0,0,0
R_1obsgZ53Sal9ZAu,98,1,17.79,1.4825,0.08333333333333333,5.1355306444417215,0.28867513459481287,17.79,5.93,2.965,1,0.3333333333333333,0.16666666666666666,0,5.93,0,0,0,0.3333333333333333,0,0,1,0.08333333333333333,0.25,0.5,0.08333333333333333,0.25,0.5
R_32R69KRWIzuH9Im,1056,1,55.18,0,0,0,0,0,0,0,0,0,0,0,0,0,0,0,0,0,0,0,0,0,0,0,0,0
R_279ENCaNyRMf98u,561,2,51.3,0,0,0,0,0,0,0,0,0,0,0,0,0,0,0,0,0,0,0,0,0,0,0,0,0
R_3MGNtEcAhhmZgxr,598,1,66,0,0,0,0,0,0,0,0,0,0,0,0,0,0,0,0,0,0,0,0,0,0,0,0,0
R_9BuaSujzfvulXoJ,141,4,105.17999999999999,7.203333333333333,0.25,24.953078634375625,0.8660254037844386,86.44,28.813333333333333,14.406666666666666,3,1,0.5,0,28.813333333333333,0,0,0,1,0,0,1,0.08333333333333333,0.25,0.5,0.08333333333333333,0.25,0.5
R_1pDUHsNfwFbm6xw,375,2,97.39,0,0,0,0,0,0,0,0,0,0,0,0,0,0,0,0,0,0,0,0,0,0,0,0,0
R_2b0Cs6lnDpcnGzL,326,2,83.95,6.995833333333334,0.16666666666666666,24.23427754923454,0.5773502691896257,83.95,27.983333333333334,13.991666666666667,2,0.6666666666666666,0.3333333333333333,0,0,0,27.983333333333334,0,0,0,0.6666666666666666,1,0.08333333333333333,0.25,0.5,0.08333333333333333,0.25,0.5
R_2c0kxk2rIJClCxm,497,1,25,0,0,0,0,0,0,0,0,0,0,0,0,0,0,0,0,0,0,0,0,0,0,0,0,0
R_11ZpeDj8UiavB9G,804,1,54.95,0,0,0,0,0,0,0,0,0,0,0,0,0,0,0,0,0,0,0,0,0,0,0,0,0
R_1q3vKaKE1RXo08q,279,1,89.98,7.498333333333334,0.08333333333333333,25.974988610841265,0.28867513459481287,89.98,29.993333333333336,14.996666666666668,1,0.3333333333333333,0.16666666666666666,0,0,0,29.993333333333336,0,0,0,0.3333333333333333,1,0.08333333333333334,0.25,0.5,0.08333333333333333,0.25,0.5
R_25R5j9tYJt2A7SO,53,10,309.7,8.685833333333333,0.25,23.34926218742189,0.621581560508061,79.22999999999999,34.74333333333333,17.371666666666666,2,1,0.5,8.333333333333334,0,26.409999999999997,0,0.3333333333333333,0,0.6666666666666666,0,2,0.10962808700408096,0.25,0.5,0.125,0.25,0.5
R_3Wf6lQWPIfpWR9v,127,2,98.75999999999999,4.4816666666666665,0.08333333333333333,15.524948738509037,0.28867513459481287,53.78,17.926666666666666,8.963333333333333,1,0.3333333333333333,0.16666666666666666,0,17.926666666666666,0,0,0,0.3333333333333333,0,0,1,0.08333333333333333,0.25,0.5,0.08333333333333333,0.25,0.5
R_1In6bbPNQjLRhxu,139,1,25.34,2.111666666666667,0.08333333333333333,7.315027910632558,0.28867513459481287,25.34,8.446666666666667,4.223333333333334,1,0.3333333333333333,0.16666666666666666,0,8.446666666666667,0,0,0,0.3333333333333333,0,0,1,0.08333333333333334,0.25,0.5,0.08333333333333333,0.25,0.5
R_3rHSccsh0mlkeuy,849,1,33.51,0,0,0,0,0,0,0,0,0,0,0,0,0,0,0,0,0,0,0,0,0,0,0,0,0
R_2wpJ0XbROzKmDK2,220,4,269.71000000000004,6.5,0.08333333333333333,22.516660498395403,0.28867513459481287,78,26,13,1,0.3333333333333333,0.16666666666666666,26,0,0,0,0.3333333333333333,0,0,0,1,0.08333333333333333,0.25,0.5,0.08333333333333333,0.25,0.5
R_pM2zj7XA5ai0mgF,626,1,10.32,0,0,0,0,0,0,0,0,0,0,0,0,0,0,0,0,0,0,0,0,0,0,0,0,0
R_24q37XKZhX00HgC,436,3,75.99,0,0,0,0,0,0,0,0,0,0,0,0,0,0,0,0,0,0,0,0,0,0,0,0,0
R_1r67uJMT2pr31JQ,623,1,10.48,0,0,0,0,0,0,0,0,0,0,0,0,0,0,0,0,0,0,0,0,0,0,0,0,0
R_2xxHhqsqQKbMBSQ,313,1,46.97,3.9141666666666666,0.08333333333333333,13.55907107191836,0.28867513459481287,46.97,15.656666666666666,7.828333333333333,1,0.3333333333333333,0.16666666666666666,0,0,0,15.656666666666666,0,0,0,0.3333333333333333,1,0.08333333333333333,0.25,0.5,0.08333333333333333,0.25,0.5
R_1f8yxdZsr1sGMzz,817,1,12,0,0,0,0,0,0,0,0,0,0,0,0,0,0,0,0,0,0,0,0,0,0,0,0,0
R_2ffGFIWWg0kUQK1,121,1,25.97,2.1641666666666666,0.08333333333333333,7.49689324542729,0.28867513459481287,25.97,8.656666666666666,4.328333333333333,1,0.3333333333333333,0.16666666666666666,0,8.656666666666666,0,0,0,0.3333333333333333,0,0,1,0.08333333333333333,0.25,0.5,0.08333333333333333,0.25,0.5
R_ZIuaiND875SbVPr,21,3,100.25,7.691666666666667,0.16666666666666666,26.644714923101233,0.5773502691896257,92.30000000000001,30.76666666666667,15.383333333333335,2,0.6666666666666666,0.3333333333333333,0,0,30.76666666666667,0,0,0,0.6666666666666666,0,1,0.08333333333333333,0.25,0.5,0.08333333333333333,0.25,0.5
R_3GwCCWUgtO6KqAH,657,4,187.63,0,0,0,0,0,0,0,0,0,0,0,0,0,0,0,0,0,0,0,0,0,0,0,0,0
R_Xn2sfdbpwAfI3wB,688,1,8.99,0,0,0,0,0,0,0,0,0,0,0,0,0,0,0,0,0,0,0,0,0,0,0,0,0
R_3LXRVZSdJiqH63S,280,5,154.94,1.5824999999999998,0.08333333333333333,5.481940805955496,0.28867513459481287,18.99,6.329999999999999,3.1649999999999996,1,0.3333333333333333,0.16666666666666666,0,0,0,6.329999999999999,0,0,0,0.3333333333333333,1,0.08333333333333333,0.25,0.5,0.08333333333333333,0.25,0.5
R_bK5PUvc46zAxoQN,1171,1,41.91,0,0,0,0,0,0,0,0,0,0,0,0,0,0,0,0,0,0,0,0,0,0,0,0,0
R_1l4zCtGUTvAWdS6,316,1,39.99,3.3325,0.08333333333333333,11.544118632446567,0.28867513459481287,39.99,13.33,6.665,1,0.3333333333333333,0.16666666666666666,0,0,0,13.33,0,0,0,0.3333333333333333,1,0.08333333333333333,0.25,0.5,0.08333333333333333,0.25,0.5
R_25Xxau8wxesYGsx,398,1,59.41,0,0,0,0,0,0,0,0,0,0,0,0,0,0,0,0,0,0,0,0,0,0,0,0,0
R_C4iVkWMyXuWqTsd,693,1,28,0,0,0,0,0,0,0,0,0,0,0,0,0,0,0,0,0,0,0,0,0,0,0,0,0
R_sR3rxwOMAacl5n3,275,1,49.94,4.161666666666666,0.08333333333333333,14.416436221664956,0.28867513459481287,49.94,16.646666666666665,8.323333333333332,1,0.3333333333333333,0.16666666666666666,0,0,0,16.646666666666665,0,0,0,0.3333333333333333,1,0.08333333333333333,0.25,0.5,0.08333333333333333,0.25,0.5
R_2Ucjp97InU6pI1m,6,14,714.95,20.6875,0.4166666666666667,28.442633532651776,0.5149286505444373,85.29,58.43666666666667,41.375,1,1,0.8333333333333334,15.656666666666666,28.006666666666664,10.656666666666666,28.430000000000003,0.3333333333333333,0.6666666666666666,0.3333333333333333,0.3333333333333333,5,0.24255481299097195,0.3540157435400148,0.5,0.4166666666666667,0.4166666666666667,0.5
R_2anp6XBwXhcuYxE,1322,2,449.95,0,0,0,0,0,0,0,0,0,0,0,0,0,0,0,0,0,0,0,0,0,0,0,0,0
R_27g6uEEgxm7kwNu,513,2,118.35,0,0,0,0,0,0,0,0,0,0,0,0,0,0,0,0,0,0,0,0,0,0,0,0,0
R_3NXvTARqhWKWlg8,1279,1,95.56,0,0,0,0,0,0,0,0,0,0,0,0,0,0,0,0,0,0,0,0,0,0,0,0,0
R_ukwc16oqCZ5ZgZP,51,2,191.13,15.9275,0.16666666666666666,55.17447847510658,0.5773502691896257,191.13,63.71,31.855,2,0.6666666666666666,0.3333333333333333,0,0,63.71,0,0,0,0.6666666666666666,0,1,0.08333333333333334,0.25,0.5,0.08333333333333333,0.25,0.5
R_0pRmRjHkwStzNQJ,181,5,135.82,1.1666666666666667,0.08333333333333333,4.041451884327381,0.28867513459481287,14,4.666666666666667,2.3333333333333335,1,0.3333333333333333,0.16666666666666666,4.666666666666667,0,0,0,0.3333333333333333,0,0,0,1,0.08333333333333334,0.25,0.5,0.08333333333333333,0.25,0.5
R_XYeZSVkzBQBQtBD,998,1,69.9,0,0,0,0,0,0,0,0,0,0,0,0,0,0,0,0,0,0,0,0,0,0,0,0,0
R_24nLvo5DCDemQ4Q,234,2,62.3,2.478333333333333,0.08333333333333333,8.585198502849735,0.28867513459481287,29.74,9.913333333333332,4.956666666666666,1,0.3333333333333333,0.16666666666666666,9.913333333333332,0,0,0,0.3333333333333333,0,0,0,1,0.08333333333333333,0.25,0.5,0.08333333333333333,0.25,0.5
R_Ap2HcvpPLRDJv9L,132,3,112.33,3.1225,0.08333333333333333,10.816657293267639,0.28867513459481287,37.47,12.49,6.245,1,0.3333333333333333,0.16666666666666666,0,12.49,0,0,0,0.3333333333333333,0,0,1,0.08333333333333334,0.25,0.5,0.08333333333333333,0.25,0.5
R_1jdLI5cWhAhAzSB,540,1,14.99,0,0,0,0,0,0,0,0,0,0,0,0,0,0,0,0,0,0,0,0,0,0,0,0,0
R_25u6PwLCFpZwuzY,140,1,23.25,1.9375,0.08333333333333333,6.711696879329399,0.28867513459481287,23.25,7.75,3.875,1,0.3333333333333333,0.16666666666666666,0,7.75,0,0,0,0.3333333333333333,0,0,1,0.08333333333333333,0.25,0.5,0.08333333333333333,0.25,0.5
R_3R1jXGy2EtHwAf6,1081,1,59.09,0,0,0,0,0,0,0,0,0,0,0,0,0,0,0,0,0,0,0,0,0,0,0,0,0
R_2ARuK9Yt1gaelL1,1366,1,20.99,0,0,0,0,0,0,0,0,0,0,0,0,0,0,0,0,0,0,0,0,0,0,0,0,0
R_2Qu0fgUOnDpaKDH,1387,1,29.99,0,0,0,0,0,0,0,0,0,0,0,0,0,0,0,0,0,0,0,0,0,0,0,0,0
R_sBuvqgoSbJ1GdXz,404,3,91.09,0,0,0,0,0,0,0,0,0,0,0,0,0,0,0,0,0,0,0,0,0,0,0,0,0
R_1zVJnDAfoFLamOd,24,5,143.51999999999998,7.291666666666667,0.16666666666666666,17.10456921055856,0.3892494720807615,47.5,29.166666666666668,14.583333333333334,1,0.6666666666666666,0.3333333333333333,0,0,29.166666666666668,0,0,0,0.6666666666666666,0,2,0.15350877192982457,0.25,0.5,0.16666666666666666,0.25,0.5
R_AEBbAiW2xdXI2at,1251,1,14.35,0,0,0,0,0,0,0,0,0,0,0,0,0,0,0,0,0,0,0,0,0,0,0,0,0
R_3nk4HEEc5QZPZNL,129,1,59.95,4.995833333333334,0.08333333333333333,17.306074318959034,0.28867513459481287,59.95,19.983333333333334,9.991666666666667,1,0.3333333333333333,0.16666666666666666,0,19.983333333333334,0,0,0,0.3333333333333333,0,0,1,0.08333333333333333,0.25,0.5,0.08333333333333333,0.25,0.5
R_1LRR1P5IQqdSvIP,931,3,62.47,0,0,0,0,0,0,0,0,0,0,0,0,0,0,0,0,0,0,0,0,0,0,0,0,0
R_20S7crqtX9XLeBx,731,4,112.97,0,0,0,0,0,0,0,0,0,0,0,0,0,0,0,0,0,0,0,0,0,0,0,0,0
R_PwlnzzccUMXV0n7,321,1,19.98,1.665,0.08333333333333333,5.767729189204362,0.28867513459481287,19.98,6.66,3.33,1,0.3333333333333333,0.16666666666666666,0,0,0,6.66,0,0,0,0.3333333333333333,1,0.08333333333333333,0.25,0.5,0.08333333333333333,0.25,0.5
R_bBIcZn0ySKqKq0F,544,1,135,0,0,0,0,0,0,0,0,0,0,0,0,0,0,0,0,0,0,0,0,0,0,0,0,0
R_PzynrAQBzRiPa93,622,2,101.15,0,0,0,0,0,0,0,0,0,0,0,0,0,0,0,0,0,0,0,0,0,0,0,0,0
R_3CIrjNnjZFOVvWu,600,1,22.35,0,0,0,0,0,0,0,0,0,0,0,0,0,0,0,0,0,0,0,0,0,0,0,0,0
R_3ozIrQp8CaQst7P,1155,1,55.96,0,0,0,0,0,0,0,0,0,0,0,0,0,0,0,0,0,0,0,0,0,0,0,0,0
R_PTBypKcn9Vjypup,131,1,49.95,4.1625000000000005,0.08333333333333333,14.419322973010905,0.28867513459481287,49.95,16.650000000000002,8.325000000000001,1,0.3333333333333333,0.16666666666666666,0,16.650000000000002,0,0,0,0.3333333333333333,0,0,1,0.08333333333333334,0.25,0.5,0.08333333333333333,0.25,0.5
R_ykhIAh7b2YyplhT,787,1,29.99,0,0,0,0,0,0,0,0,0,0,0,0,0,0,0,0,0,0,0,0,0,0,0,0,0
R_3Rxv98PtW7DR9FN,281,4,206.04000000000002,3.8333333333333335,0.08333333333333333,13.279056191361393,0.28867513459481287,46,15.333333333333334,7.666666666666667,1,0.3333333333333333,0.16666666666666666,0,0,0,15.333333333333334,0,0,0,0.3333333333333333,1,0.08333333333333334,0.25,0.5,0.08333333333333333,0.25,0.5
R_z6wrYNsvTbmmmQ1,1214,1,22.65,0,0,0,0,0,0,0,0,0,0,0,0,0,0,0,0,0,0,0,0,0,0,0,0,0
R_2uwirdevl1Fu0WB,790,2,44.41,0,0,0,0,0,0,0,0,0,0,0,0,0,0,0,0,0,0,0,0,0,0,0,0,0
R_3IsVeutDyfOL4I1,265,1,20,1.6666666666666667,0.08333333333333333,5.773502691896258,0.28867513459481287,20,6.666666666666667,3.3333333333333335,1,0.3333333333333333,0.16666666666666666,0,0,0,6.666666666666667,0,0,0,0.3333333333333333,1,0.08333333333333334,0.25,0.5,0.08333333333333333,0.25,0.5
R_1FIIRdb0jGJ9oRe,189,8,244.49,1.7083333333333333,0.08333333333333333,5.917840259193664,0.28867513459481287,20.5,6.833333333333333,3.4166666666666665,1,0.3333333333333333,0.16666666666666666,6.833333333333333,0,0,0,0.3333333333333333,0,0,0,1,0.08333333333333333,0.25,0.5,0.08333333333333333,0.25,0.5
R_20Osd2RzVE5YY5I,959,1,34.08,0,0,0,0,0,0,0,0,0,0,0,0,0,0,0,0,0,0,0,0,0,0,0,0,0
R_3G9b1ToPNT28Utq,337,5,185.57,15.464166666666666,0.4166666666666667,53.56944472675943,1.4433756729740645,185.57,61.85666666666666,30.92833333333333,5,1.6666666666666667,0.8333333333333334,0,0,61.85666666666666,0,0,0,1.6666666666666667,0,1,0.08333333333333333,0.25,0.5,0.08333333333333334,0.25,0.5
R_1JK328FVWElecfL,1386,1,14.18,0,0,0,0,0,0,0,0,0,0,0,0,0,0,0,0,0,0,0,0,0,0,0,0,0
R_PSPzdKfQKjUwhHP,6,1,12.99,1.0825,0.08333333333333333,3.7498899983866196,0.28867513459481287,12.99,4.33,2.165,1,0.3333333333333333,0.16666666666666666,0,0,4.33,0,0,0,0.3333333333333333,0,1,0.08333333333333333,0.25,0.5,0.08333333333333333,0.25,0.5
R_216bCmDHZYPaK04,880,3,166.79000000000002,0,0,0,0,0,0,0,0,0,0,0,0,0,0,0,0,0,0,0,0,0,0,0,0,0
R_2pPHDZGt8o0cCna,490,1,24,0,0,0,0,0,0,0,0,0,0,0,0,0,0,0,0,0,0,0,0,0,0,0,0,0
R_3nj9YnMVuMuQpRk,606,1,39.2,0,0,0,0,0,0,0,0,0,0,0,0,0,0,0,0,0,0,0,0,0,0,0,0,0
R_3qeBHF0c3AIcSo8,814,1,52.49,0,0,0,0,0,0,0,0,0,0,0,0,0,0,0,0,0,0,0,0,0,0,0,0,0
R_3n91eij0t6iYpZA,615,1,44.74,0,0,0,0,0,0,0,0,0,0,0,0,0,0,0,0,0,0,0,0,0,0,0,0,0
R_1hAVS3ZdQl1yptv,76,1,19.99,1.6658333333333333,0.08333333333333333,5.770615940550309,0.28867513459481287,19.99,6.663333333333333,3.3316666666666666,1,0.3333333333333333,0.16666666666666666,0,6.663333333333333,0,0,0,0.3333333333333333,0,0,1,0.08333333333333334,0.25,0.5,0.08333333333333333,0.25,0.5
R_1C8t1JAe5Wo7sSl,507,1,46,0,0,0,0,0,0,0,0,0,0,0,0,0,0,0,0,0,0,0,0,0,0,0,0,0
R_1LjSgCvVRqzw9aN,141,3,196.23,16.3525,0.25,29.734072627206654,0.45226701686664544,73.35,65.41,32.705,1,1,0.5,44.449999999999996,20.96,0,0,0.6666666666666666,0.3333333333333333,0,0,3,0.2229379686434901,0.25,0.5,0.25,0.25,0.5
R_Wx1K66mKsCdbnXz,407,1,30.99,0,0,0,0,0,0,0,0,0,0,0,0,0,0,0,0,0,0,0,0,0,0,0,0,0
R_vdGOGGSniZMGt8d,125,1,15.97,1.3308333333333333,0.08333333333333333,4.610141899479162,0.28867513459481287,15.97,5.323333333333333,2.6616666666666666,1,0.3333333333333333,0.16666666666666666,0,5.323333333333333,0,0,0,0.3333333333333333,0,0,1,0.08333333333333333,0.25,0.5,0.08333333333333333,0.25,0.5
R_2S0u8lcDVOW3xTU,828,4,307.55,0,0,0,0,0,0,0,0,0,0,0,0,0,0,0,0,0,0,0,0,0,0,0,0,0
R_WwVKVhGu4erKLWV,493,1,56.81,0,0,0,0,0,0,0,0,0,0,0,0,0,0,0,0,0,0,0,0,0,0,0,0,0
R_247Ax9cFFZftmdh,839,3,46.97,0,0,0,0,0,0,0,0,0,0,0,0,0,0,0,0,0,0,0,0,0,0,0,0,0
R_3ixUxNOUiEYD7KJ,1296,1,24.95,0,0,0,0,0,0,0,0,0,0,0,0,0,0,0,0,0,0,0,0,0,0,0,0,0
R_1o7tSCX9RpxAbC9,136,1,169.95,14.1625,0.08333333333333333,49.06033912438845,0.28867513459481287,169.95,56.65,28.325,1,0.3333333333333333,0.16666666666666666,0,56.65,0,0,0,0.3333333333333333,0,0,1,0.08333333333333334,0.25,0.5,0.08333333333333333,0.25,0.5
R_2QEeH4ETBBV2lPr,265,2,124.78999999999999,4.566666666666666,0.08333333333333333,15.819397375795745,0.28867513459481287,54.8,18.266666666666666,9.133333333333333,1,0.3333333333333333,0.16666666666666666,0,0,0,18.266666666666666,0,0,0,0.3333333333333333,1,0.08333333333333333,0.25,0.5,0.08333333333333333,0.25,0.5
R_24pEE0Vw9ELB7LN,452,1,10,0,0,0,0,0,0,0,0,0,0,0,0,0,0,0,0,0,0,0,0,0,0,0,0,0
R_3lt1ZPBv09u1seD,1205,1,35,0,0,0,0,0,0,0,0,0,0,0,0,0,0,0,0,0,0,0,0,0,0,0,0,0
R_2WPtjBPlJszCwQl,145,1,24.98,2.0816666666666666,0.08333333333333333,7.211104862178426,0.28867513459481287,24.98,8.326666666666666,4.163333333333333,1,0.3333333333333333,0.16666666666666666,0,8.326666666666666,0,0,0,0.3333333333333333,0,0,1,0.08333333333333333,0.25,0.5,0.08333333333333333,0.25,0.5
R_2Bg2FwMbTIyoh0G,433,2,82.03,0,0,0,0,0,0,0,0,0,0,0,0,0,0,0,0,0,0,0,0,0,0,0,0,0
R_3LigPLmiinkglRk,446,1,18.09,0,0,0,0,0,0,0,0,0,0,0,0,0,0,0,0,0,0,0,0,0,0,0,0,0
R_AFYBJKvk0e2g5Y5,493,2,89.09,0,0,0,0,0,0,0,0,0,0,0,0,0,0,0,0,0,0,0,0,0,0,0,0,0
R_2S2CgleghqVouH5,1265,2,104.95,0,0,0,0,0,0,0,0,0,0,0,0,0,0,0,0,0,0,0,0,0,0,0,0,0
R_Xjn66iH08ck5oPL,215,1,22,1.8333333333333333,0.08333333333333333,6.3508529610858835,0.28867513459481287,22,7.333333333333333,3.6666666666666665,1,0.3333333333333333,0.16666666666666666,7.333333333333333,0,0,0,0.3333333333333333,0,0,0,1,0.08333333333333333,0.25,0.5,0.08333333333333333,0.25,0.5
R_1LMa9REuvUok05j,91,9,403.27,6.031666666666666,0.08333333333333333,20.894306241972554,0.28867513459481287,72.38,24.126666666666665,12.063333333333333,1,0.3333333333333333,0.16666666666666666,0,24.126666666666665,0,0,0,0.3333333333333333,0,0,1,0.08333333333333333,0.25,0.5,0.08333333333333333,0.25,0.5
R_2pKbiSIpze2jP6t,226,1,29.95,2.495833333333333,0.08333333333333333,8.645820281114645,0.28867513459481287,29.95,9.983333333333333,4.991666666666666,1,0.3333333333333333,0.16666666666666666,9.983333333333333,0,0,0,0.3333333333333333,0,0,0,1,0.08333333333333333,0.25,0.5,0.08333333333333333,0.25,0.5
R_301uq7vv7YTe7qQ,1374,1,56.7,0,0,0,0,0,0,0,0,0,0,0,0,0,0,0,0,0,0,0,0,0,0,0,0,0
R_TuS87GjLjJcOQRb,65,2,93.41,4.166666666666667,0.08333333333333333,14.433756729740644,0.28867513459481287,50,16.666666666666668,8.333333333333334,1,0.3333333333333333,0.16666666666666666,0,16.666666666666668,0,0,0,0.3333333333333333,0,0,1,0.08333333333333334,0.25,0.5,0.08333333333333333,0.25,0.5
R_1IZaizh36yGgZ9k,323,1,20,1.6666666666666667,0.08333333333333333,5.773502691896258,0.28867513459481287,20,6.666666666666667,3.3333333333333335,1,0.3333333333333333,0.16666666666666666,0,0,0,6.666666666666667,0,0,0,0.3333333333333333,1,0.08333333333333334,0.25,0.5,0.08333333333333333,0.25,0.5
R_eqDS7aMRkpql6Br,876,3,113.85,0,0,0,0,0,0,0,0,0,0,0,0,0,0,0,0,0,0,0,0,0,0,0,0,0
R_2WAagX64hf1kdMI,242,1,59.99,4.9991666666666665,0.08333333333333333,17.317621324342824,0.28867513459481287,59.99,19.996666666666666,9.998333333333333,1,0.3333333333333333,0.16666666666666666,19.996666666666666,0,0,0,0.3333333333333333,0,0,0,1,0.08333333333333333,0.25,0.5,0.08333333333333333,0.25,0.5
R_3ff9iXWRr8CwTNI,297,3,90.38,5.092499999999999,0.16666666666666666,14.287094701163005,0.3892494720807615,49.12,20.369999999999997,10.184999999999999,1,0.6666666666666666,0.3333333333333333,0,0,0,20.369999999999997,0,0,0,0.6666666666666666,2,0.10367467426710097,0.25,0.5,0.16666666666666666,0.25,0.5
R_3M0euO2kPnoHrdt,808,5,82.15,0,0,0,0,0,0,0,0,0,0,0,0,0,0,0,0,0,0,0,0,0,0,0,0,0
R_3DdKCo2XOGU4KOT,228,1,25,2.0833333333333335,0.08333333333333333,7.216878364870322,0.28867513459481287,25,8.333333333333334,4.166666666666667,1,0.3333333333333333,0.16666666666666666,8.333333333333334,0,0,0,0.3333333333333333,0,0,0,1,0.08333333333333334,0.25,0.5,0.08333333333333333,0.25,0.5
R_WfcQjcLLrgyyhZD,1035,1,13.5,0,0,0,0,0,0,0,0,0,0,0,0,0,0,0,0,0,0,0,0,0,0,0,0,0
R_vJEhaFmjrt0tGxz,1073,1,33.39,0,0,0,0,0,0,0,0,0,0,0,0,0,0,0,0,0,0,0,0,0,0,0,0,0
R_3GqD1hXu6eSqH31,159,2,123.14000000000001,10.261666666666668,0.16666666666666666,35.54745607400526,0.5773502691896257,123.14000000000001,41.046666666666674,20.523333333333337,2,0.6666666666666666,0.3333333333333333,41.046666666666674,0,0,0,0.6666666666666666,0,0,0,1,0.08333333333333334,0.25,0.5,0.08333333333333333,0.25,0.5
R_PRvq5W0QfrLLHoJ,524,1,19.97,0,0,0,0,0,0,0,0,0,0,0,0,0,0,0,0,0,0,0,0,0,0,0,0,0
R_32UZncFA03IrQwQ,548,3,97.44,0,0,0,0,0,0,0,0,0,0,0,0,0,0,0,0,0,0,0,0,0,0,0,0,0
R_21vrOdR7S4szc1h,480,2,37.5,0,0,0,0,0,0,0,0,0,0,0,0,0,0,0,0,0,0,0,0,0,0,0,0,0
R_1LI4sRCOpeUEw4V,662,1,19.99,0,0,0,0,0,0,0,0,0,0,0,0,0,0,0,0,0,0,0,0,0,0,0,0,0
R_3sam5z9rgQl2DDj,575,1,18,0,0,0,0,0,0,0,0,0,0,0,0,0,0,0,0,0,0,0,0,0,0,0,0,0
R_3qPsTalTDEfqa1D,703,1,12.95,0,0,0,0,0,0,0,0,0,0,0,0,0,0,0,0,0,0,0,0,0,0,0,0,0
R_2mAJniG0xVBIInL,1167,1,7.55,0,0,0,0,0,0,0,0,0,0,0,0,0,0,0,0,0,0,0,0,0,0,0,0,0
R_3HjNQCp49uYkfcR,1263,1,12,0,0,0,0,0,0,0,0,0,0,0,0,0,0,0,0,0,0,0,0,0,0,0,0,0
R_2YmiCqtyRRmqGj3,113,2,118.37,4.670833333333333,0.08333333333333333,16.180241294039263,0.28867513459481287,56.05,18.683333333333334,9.341666666666667,1,0.3333333333333333,0.16666666666666666,0,18.683333333333334,0,0,0,0.3333333333333333,0,0,1,0.08333333333333334,0.25,0.5,0.08333333333333333,0.25,0.5
R_3HhqYe5EEdoWMYK,126,1,28,2.3333333333333335,0.08333333333333333,8.082903768654761,0.28867513459481287,28,9.333333333333334,4.666666666666667,1,0.3333333333333333,0.16666666666666666,0,9.333333333333334,0,0,0,0.3333333333333333,0,0,1,0.08333333333333334,0.25,0.5,0.08333333333333333,0.25,0.5
R_3ezBqJzPjKM0Dfa,528,4,98.15,0,0,0,0,0,0,0,0,0,0,0,0,0,0,0,0,0,0,0,0,0,0,0,0,0
R_6lnssfnXksO2ntf,1318,2,160.98,0,0,0,0,0,0,0,0,0,0,0,0,0,0,0,0,0,0,0,0,0,0,0,0,0
R_OdOK4CH8YxSw3Sx,359,1,47.59,3.9658333333333338,0.08333333333333333,13.738049655367146,0.28867513459481287,47.59,15.863333333333335,7.9316666666666675,1,0.3333333333333333,0.16666666666666666,0,0,15.863333333333335,0,0,0,0.3333333333333333,0,1,0.08333333333333334,0.25,0.5,0.08333333333333333,0.25,0.5
R_xx5M0tAgJVFpvl7,87,3,178.21,14.850833333333334,0.25,38.71985806189549,0.621581560508061,129.47,59.403333333333336,29.701666666666668,2,1,0.5,0,59.403333333333336,0,0,0,1,0,0,2,0.11470482222393863,0.25,0.5,0.125,0.25,0.5
R_USc2JrcVi09Tvln,830,3,136.26,0,0,0,0,0,0,0,0,0,0,0,0,0,0,0,0,0,0,0,0,0,0,0,0,0
R_10HG4OAAtFluUS1,45,3,84.96,7.08,0.25,17.653441590806025,0.621581560508061,56.98,28.32,14.16,2,1,0.5,0,18.993333333333332,9.326666666666666,0,0,0.3333333333333333,0.6666666666666666,0,2,0.12425412425412426,0.25,0.5,0.125,0.25,0.5
R_9ppTjfBQZZs42WJ,360,6,410.13,4.333333333333333,0.08333333333333333,15.01110699893027,0.28867513459481287,52,17.333333333333332,8.666666666666666,1,0.3333333333333333,0.16666666666666666,0,0,17.333333333333332,0,0,0,0.3333333333333333,0,1,0.08333333333333333,0.25,0.5,0.08333333333333333,0.25,0.5
R_3R4b0PxgHJiXxVD,210,2,71.45,3.329166666666667,0.08333333333333333,11.532571627062776,0.28867513459481287,39.95,13.316666666666668,6.658333333333334,1,0.3333333333333333,0.16666666666666666,13.316666666666668,0,0,0,0.3333333333333333,0,0,0,1,0.08333333333333334,0.25,0.5,0.08333333333333333,0.25,0.5
R_1otq0g5FLSi9hVw,175,3,145.94,6.3975,0.16666666666666666,15.99430814952051,0.3892494720807615,51.77,25.59,12.795,1,0.6666666666666666,0.3333333333333333,8.333333333333334,0,0,17.256666666666668,0.3333333333333333,0,0,0.3333333333333333,2,0.12357542978559011,0.25,0.5,0.16666666666666666,0.25,0.5
R_1FaohPMY0mE5O4K,1300,1,14.99,0,0,0,0,0,0,0,0,0,0,0,0,0,0,0,0,0,0,0,0,0,0,0,0,0
R_20UxPwlfYjaIV5k,249,3,119.98,4.9991666666666665,0.08333333333333333,17.317621324342824,0.28867513459481287,59.99,19.996666666666666,9.998333333333333,1,0.3333333333333333,0.16666666666666666,0,0,0,19.996666666666666,0,0,0,0.3333333333333333,1,0.08333333333333333,0.25,0.5,0.08333333333333333,0.25,0.5
R_2Xj7LtCe2Mt8jNi,73,4,149.06,5.581666666666667,0.16666666666666666,15.936807501295025,0.3892494720807615,54.99,22.326666666666668,11.163333333333334,1,0.6666666666666666,0.3333333333333333,0,22.326666666666668,0,0,0,0.6666666666666666,0,0,2,0.1015033036309632,0.25,0.5,0.16666666666666666,0.25,0.5
R_1f1SLKwUDjWMgAL,442,3,55.57,0,0,0,0,0,0,0,0,0,0,0,0,0,0,0,0,0,0,0,0,0,0,0,0,0
R_UlOQHrMf1EiWKQx,133,2,124.33,10.360833333333334,0.16666666666666666,24.426649551940873,0.3892494720807615,69.99,41.443333333333335,20.721666666666668,1,0.6666666666666666,0.3333333333333333,0,23.33,0,18.113333333333333,0,0.3333333333333333,0,0.3333333333333333,2,0.1480330523408106,0.25,0.5,0.16666666666666666,0.25,0.5
R_1FwushWdNnxMnwa,135,4,238.45,12.208333333333334,0.08333333333333333,42.290907218140084,0.28867513459481287,146.5,48.833333333333336,24.416666666666668,1,0.3333333333333333,0.16666666666666666,0,48.833333333333336,0,0,0,0.3333333333333333,0,0,1,0.08333333333333334,0.25,0.5,0.08333333333333333,0.25,0.5
R_3RkfNRfoCRk7p4x,426,1,28.5,0,0,0,0,0,0,0,0,0,0,0,0,0,0,0,0,0,0,0,0,0,0,0,0,0
R_3ek9YZGdsDHjUZf,1015,2,82.77,0,0,0,0,0,0,0,0,0,0,0,0,0,0,0,0,0,0,0,0,0,0,0,0,0
R_2R4boYTdbWuqO7J,1203,1,48.71,0,0,0,0,0,0,0,0,0,0,0,0,0,0,0,0,0,0,0,0,0,0,0,0,0
R_2y1MJdiEIHh766D,387,3,103.37,0,0,0,0,0,0,0,0,0,0,0,0,0,0,0,0,0,0,0,0,0,0,0,0,0
R_czHyAR1xMvT2FbP,344,4,210.07,6.2491666666666665,0.16666666666666666,21.647748343265015,0.5773502691896257,74.99,24.996666666666666,12.498333333333333,2,0.6666666666666666,0.3333333333333333,0,0,24.996666666666666,0,0,0,0.6666666666666666,0,1,0.08333333333333334,0.25,0.5,0.08333333333333333,0.25,0.5
R_1OYP3LK9YZu0Gig,74,7,196.76,11.486666666666666,0.4166666666666667,29.355215839262655,0.9962049198956219,96.87,45.946666666666665,22.973333333333333,3,1.6666666666666667,0.8333333333333334,0,32.29,13.656666666666666,0,0,1,0.6666666666666666,0,2,0.11857816317401328,0.25,0.5,0.1388888888888889,0.25,0.5
R_3O9chQITD8LhmdS,573,3,33.62,0,0,0,0,0,0,0,0,0,0,0,0,0,0,0,0,0,0,0,0,0,0,0,0,0
R_ZkokwdIEZybYo9z,567,4,57.05,0,0,0,0,0,0,0,0,0,0,0,0,0,0,0,0,0,0,0,0,0,0,0,0,0
R_1rq9oimamSF6rsF,828,2,55.83,0,0,0,0,0,0,0,0,0,0,0,0,0,0,0,0,0,0,0,0,0,0,0,0,0
R_tL3i4BXXVrcJe6t,1397,1,29.74,0,0,0,0,0,0,0,0,0,0,0,0,0,0,0,0,0,0,0,0,0,0,0,0,0
R_3NwUrzA3eAsS3xO,541,4,114.5,0,0,0,0,0,0,0,0,0,0,0,0,0,0,0,0,0,0,0,0,0,0,0,0,0
R_0jFt3K3i4558lbj,368,1,39.99,0,0,0,0,0,0,0,0,0,0,0,0,0,0,0,0,0,0,0,0,0,0,0,0,0
R_2pQU4najBWmK2eS,660,5,350.99,0,0,0,0,0,0,0,0,0,0,0,0,0,0,0,0,0,0,0,0,0,0,0,0,0
R_2tnWUItCZuEhmXh,438,1,18.75,0,0,0,0,0,0,0,0,0,0,0,0,0,0,0,0,0,0,0,0,0,0,0,0,0
R_279iRKETPanvFBW,1038,1,58.16,0,0,0,0,0,0,0,0,0,0,0,0,0,0,0,0,0,0,0,0,0,0,0,0,0
R_1P4URZhhvR2M604,649,4,162.7,0,0,0,0,0,0,0,0,0,0,0,0,0,0,0,0,0,0,0,0,0,0,0,0,0
R_3pumITxLvdUqvpM,45,2,74.89,4.991666666666666,0.08333333333333333,17.29164056222929,0.28867513459481287,59.9,19.966666666666665,9.983333333333333,1,0.3333333333333333,0.16666666666666666,0,0,19.966666666666665,0,0,0,0.3333333333333333,0,1,0.08333333333333333,0.25,0.5,0.08333333333333333,0.25,0.5
R_9L8Lum5AaHh6bq9,790,1,61.33,0,0,0,0,0,0,0,0,0,0,0,0,0,0,0,0,0,0,0,0,0,0,0,0,0
R_20V7srZUzANQQ4T,248,1,17.79,1.4825,0.08333333333333333,5.1355306444417215,0.28867513459481287,17.79,5.93,2.965,1,0.3333333333333333,0.16666666666666666,0,0,0,5.93,0,0,0,0.3333333333333333,1,0.08333333333333333,0.25,0.5,0.08333333333333333,0.25,0.5
R_2B2sctnVne767kg,453,1,24.49,0,0,0,0,0,0,0,0,0,0,0,0,0,0,0,0,0,0,0,0,0,0,0,0,0
R_2e2WQWm1z9j93zW,248,5,139.97,3.0825,0.25,10.67809322866213,0.8660254037844386,36.99,12.33,6.165,3,1,0.5,0,0,0,12.33,0,0,0,1,1,0.08333333333333333,0.25,0.5,0.08333333333333333,0.25,0.5
R_cNrjVWvNLUa6lep,1351,1,42.99,0,0,0,0,0,0,0,0,0,0,0,0,0,0,0,0,0,0,0,0,0,0,0,0,0
R_3PTYPbg6N9x8PBX,193,2,94.00999999999999,7.834166666666666,0.16666666666666666,27.138349403258356,0.5773502691896257,94.00999999999999,31.336666666666662,15.668333333333331,2,0.6666666666666666,0.3333333333333333,31.336666666666662,0,0,0,0.6666666666666666,0,0,0,1,0.08333333333333333,0.25,0.5,0.08333333333333333,0.25,0.5
R_2BgqL4UmaxJfKMj,372,1,20.03,0,0,0,0,0,0,0,0,0,0,0,0,0,0,0,0,0,0,0,0,0,0,0,0,0
R_BWAjcs1sKUc6NQl,380,3,182.65,0,0,0,0,0,0,0,0,0,0,0,0,0,0,0,0,0,0,0,0,0,0,0,0,0
R_2VyUSFk11bbTVej,217,2,79.99,2.4991666666666665,0.08333333333333333,8.657367286498438,0.28867513459481287,29.99,9.996666666666666,4.998333333333333,1,0.3333333333333333,0.16666666666666666,9.996666666666666,0,0,0,0.3333333333333333,0,0,0,1,0.08333333333333333,0.25,0.5,0.08333333333333333,0.25,0.5
R_1oFSDeGAQcUN2v8,158,1,18,1.5,0.08333333333333333,5.196152422706632,0.28867513459481287,18,6,3,1,0.3333333333333333,0.16666666666666666,6,0,0,0,0.3333333333333333,0,0,0,1,0.08333333333333333,0.25,0.5,0.08333333333333333,0.25,0.5
R_ThYIl4DOmKJ6ADv,585,3,130.55,0,0,0,0,0,0,0,0,0,0,0,0,0,0,0,0,0,0,0,0,0,0,0,0,0
R_2EBkC3HUQpHkFG4,1070,3,23.61,0,0,0,0,0,0,0,0,0,0,0,0,0,0,0,0,0,0,0,0,0,0,0,0,0
R_3GethxN3YUfT3zL,716,3,123.12,0,0,0,0,0,0,0,0,0,0,0,0,0,0,0,0,0,0,0,0,0,0,0,0,0
R_1pu6yYPsuymsIIz,25,2,34.489999999999995,1.4158333333333333,0.08333333333333333,4.904590536765871,0.28867513459481287,16.99,5.663333333333333,2.8316666666666666,1,0.3333333333333333,0.16666666666666666,0,0,5.663333333333333,0,0,0,0.3333333333333333,0,1,0.08333333333333334,0.25,0.5,0.08333333333333333,0.25,0.5
R_2drQfJcqWLcLnGm,443,1,32,0,0,0,0,0,0,0,0,0,0,0,0,0,0,0,0,0,0,0,0,0,0,0,0,0
R_XUhit9pAXhD746B,74,1,49.99,4.1658333333333335,0.08333333333333333,14.430869978394696,0.28867513459481287,49.99,16.663333333333334,8.331666666666667,1,0.3333333333333333,0.16666666666666666,0,16.663333333333334,0,0,0,0.3333333333333333,0,0,1,0.08333333333333333,0.25,0.5,0.08333333333333333,0.25,0.5
R_2cpVeiPz8GKOxkm,72,4,139.93,2.0833333333333335,0.08333333333333333,7.216878364870322,0.28867513459481287,25,8.333333333333334,4.166666666666667,1,0.3333333333333333,0.16666666666666666,0,8.333333333333334,0,0,0,0.3333333333333333,0,0,1,0.08333333333333334,0.25,0.5,0.08333333333333333,0.25,0.5
R_2dYdWa6vmPtZBmi,945,1,119.95,0,0,0,0,0,0,0,0,0,0,0,0,0,0,0,0,0,0,0,0,0,0,0,0,0
R_1hRPPtGYokPL3IK,620,1,39.95,0,0,0,0,0,0,0,0,0,0,0,0,0,0,0,0,0,0,0,0,0,0,0,0,0
R_C1gEwoKxaLBh0eR,425,2,131.10999999999999,0,0,0,0,0,0,0,0,0,0,0,0,0,0,0,0,0,0,0,0,0,0,0,0,0
R_1C8w4NDDQC5fcgE,485,1,8.99,0,0,0,0,0,0,0,0,0,0,0,0,0,0,0,0,0,0,0,0,0,0,0,0,0
R_1rwPbDimMLAMIjX,85,1,20,1.6666666666666667,0.08333333333333333,5.773502691896258,0.28867513459481287,20,6.666666666666667,3.3333333333333335,1,0.3333333333333333,0.16666666666666666,0,6.666666666666667,0,0,0,0.3333333333333333,0,0,1,0.08333333333333334,0.25,0.5,0.08333333333333333,0.25,0.5
R_BWhnv4EdbhSS6rf,81,2,49.95,4.1625,0.16666666666666666,9.721511409801929,0.3892494720807615,25,16.65,8.325,1,0.6666666666666666,0.3333333333333333,0,8.333333333333334,0,8.316666666666666,0,0.3333333333333333,0,0.3333333333333333,2,0.16649999999999998,0.25,0.5,0.16666666666666666,0.25,0.5
R_UxpqIzxxhvziAa5,1203,1,12,0,0,0,0,0,0,0,0,0,0,0,0,0,0,0,0,0,0,0,0,0,0,0,0,0
R_3feEREQuqFE7ClI,396,1,18,0,0,0,0,0,0,0,0,0,0,0,0,0,0,0,0,0,0,0,0,0,0,0,0,0
R_29mKAJoipAmfUj5,49,2,114.86999999999999,1.5824999999999998,0.08333333333333333,5.481940805955496,0.28867513459481287,18.99,6.329999999999999,3.1649999999999996,1,0.3333333333333333,0.16666666666666666,0,0,6.329999999999999,0,0,0,0.3333333333333333,0,1,0.08333333333333333,0.25,0.5,0.08333333333333333,0.25,0.5
R_3OluT425fgz9KxA,695,2,31.979999999999997,0,0,0,0,0,0,0,0,0,0,0,0,0,0,0,0,0,0,0,0,0,0,0,0,0
R_AmMCFCEBSSiRhLz,369,1,19.95,0,0,0,0,0,0,0,0,0,0,0,0,0,0,0,0,0,0,0,0,0,0,0,0,0
R_2YV9FbQPr8SnA0P,518,3,99.71000000000001,0,0,0,0,0,0,0,0,0,0,0,0,0,0,0,0,0,0,0,0,0,0,0,0,0
R_TwkOLlpYpSqvIUp,502,3,85.11,0,0,0,0,0,0,0,0,0,0,0,0,0,0,0,0,0,0,0,0,0,0,0,0,0
R_2y9PcIxPBtYiYWN,1235,2,41.58,0,0,0,0,0,0,0,0,0,0,0,0,0,0,0,0,0,0,0,0,0,0,0,0,0
